PIN_NUM,PIN_CODE,PIN_NM,PIN_TYPE,DESCR,FLD_FMT,DEFN_ASOFDT_OPTN,CHECK_GENER_IND,RECALC_IND,USED_BY,COUNTRY,PIN_CATEGORY,PIN_INDUSTRY,PIN_OWNER,PIN_CLASS,OVRD_IND_CAL,OVRD_IND_PYENT,OVRD_IND_PG,OVRD_IND_PYE,OVRD_IND_PI,OVRD_IND_ELEM,OVRD_IND_SOVR,STORE_RSLT,STORE_RSLT_IF_ZERO,PIN_PARENT_NUM,PIN_CUSTOM1,PIN_CUSTOM2,PIN_CUSTOM3,PIN_CUSTOM4,PIN_CUSTOM5,FCST_IND,FCST_REQ_IND,PIN_DRIVER_NUM,ENTRY_TYPE_USER_F1,PIN_USER_FLD1_NUM,ENTRY_TYPE_USER_F2,PIN_USER_FLD2_NUM,ENTRY_TYPE_USER_F3,PIN_USER_FLD3_NUM,ENTRY_TYPE_USER_F4,PIN_USER_FLD4_NUM,ENTRY_TYPE_USER_F5,PIN_USER_FLD5_NUM,ENTRY_TYPE_USER_F6,PIN_USER_FLD6_NUM,RTO_DELTA_UF_LVL,LAST_UPDT_DTTM,LAST_UPDT_OPRID,AUTO_ASSIGNED_TYPE,GP_VERSION
13178,SHPA AT GBR,SHPA AT,AT,Shared parental Adoption,6,E, ,Y,C,GBR, , ,P,ST,N,N,N,N,N,N,N,Y,Y,0, , , , , ,N,N,0, ,0, ,0, ,0, ,0, ,0, ,0,0,10/21/2014 1:26:01.455075 AM,PPLSOFT, ,P_9.20.19469031
13179,SHPB AT GBR,SHPB AT,AT,Shared Parental Birth,6,E, ,Y,C,GBR, , ,P,ST,N,N,N,N,N,N,N,Y,Y,0, , , , , ,N,N,0, ,0, ,0, ,0, ,0, ,0, ,0,0,10/21/2014 1:26:01.455800 AM,PPLSOFT, ,P_9.20.19469031
11854,SPPB AT GBR,SPPB AT,AT,SPP Birth,6,E, ,Y,C,GBR, , ,P,ST,N,N,N,N,N,N,N,Y,Y,0, , , , , ,N,N,0, ,0, ,0, ,0, ,0, ,0, ,0,0,6/19/2003 3:04:06.000000 PM,PPLSOFT, ,P_8.80.00.00.29675
11793,SMP AT2 GBR,SMP AT2,AT,Statutory Maternity Pay 2003,6,E, ,Y,C,GBR, , ,P,ST,N,N,N,N,N,N,N,Y,Y,0, , , , , ,N,N,0, ,0, ,0, ,0, ,0, ,0, ,0,0,6/19/2003 3:04:05.000000 PM,PPLSOFT, ,P_8.80.00.00.29675
11877,SAP AT GBR,SAP AT,AT,Statutory Adoption Pay take,6,E, ,Y,C,GBR, , ,P,ST,N,N,N,N,N,N,N,Y,Y,0, , , , , ,N,N,0, ,0, ,0, ,0, ,0, ,0, ,0,0,6/19/2003 3:04:06.000000 PM,PPLSOFT, ,P_8.80.00.00.29675
12568,ASPPA AT GBR,ASPPA AT,AT,ASPP Adoption,6,E, ,Y,C,GBR, , ,P,ST,N,N,N,N,N,N,N,Y,Y,0, , , , , ,N,N,0, ,0, ,0, ,0, ,0, ,0, ,0,0,2/21/2011 1:37:15.000000 AM,PPLSOFT, ,P_9.10.00.852847
12574,ASPPB AT GBR,ASPPB AT,AT,ASPP Birth,6,E, ,Y,C,GBR, , ,P,ST,N,N,N,N,N,N,N,Y,Y,0, , , , , ,N,N,0, ,0, ,0, ,0, ,0, ,0, ,0,0,2/21/2011 1:37:15.000000 AM,PPLSOFT, ,P_9.10.00.852847
11922,SPPA AT GBR,SPPA AT,AT,SPP Adoption,6,E, ,Y,C,GBR, , ,P,ST,N,N,N,N,N,N,N,Y,Y,0, , , , , ,N,N,0, ,0, ,0, ,0, ,0, ,0, ,0,0,6/19/2003 3:04:06.000000 PM,PPLSOFT, ,P_8.80.00.00.29675
10013,SSP AT1 GBR,SSP AT1,AT,Statutory Sick Pay,6,E, ,Y,C,GBR, , ,P,ST,N,N,N,N,N,N,N,Y,Y,0, , , , , ,N,N,0, ,0, ,0, ,0, ,0, ,0, ,0,0,11/1/2001 12:00:00.000000 AM,PPLSOFT, ,P_8.30.00.00
10014,SMP AT1 GBR,SMP AT1,AT,Statutory Maternity Pay,6,E, ,Y,C,GBR, , ,P,ST,N,N,N,N,N,N,N,Y,Y,0, , , , , ,N,N,0, ,0, ,0, ,0, ,0, ,0, ,0,0,6/19/2003 3:04:05.000000 PM,PPLSOFT, ,P_8.80.00.00.29675
10565,OSP AT1 GBR,OSP AT1,AT,Occupational Sick Pay,6,E, ,Y,C,GBR, , ,N,CU,N,N,N,Y,N,N,N,Y,Y,0, , , , , ,N,N,0, ,0, ,0, ,0, ,0, ,0, ,0,0,10/26/2000 9:57:55.000000 PM,PPLSOFT, ,P_8.00.00.00
1300,VAC ALL,VAC,AT,Vacation Leave,6,E, ,Y,A,ALL,VAC, ,N,SY,N,N,N,Y,N,N,N,Y,N,0, , , , , ,Y,N,0, ,0, ,0, ,0, ,0, ,0, ,0,0,1/17/2007 2:56:11.000000 PM,PPLSOFT, ,C_9.00.00
1301,SICK 50 ABS ALL,SICK 50 ABS,AT,Sick leave,6,E, ,Y,A,ALL,SICK, ,N,SY,N,N,N,N,N,N,N,Y,Y,0, , , , , ,N,N,0, ,0, ,0, ,0, ,0, ,0, ,0,0,11/24/2005 12:30:02.000000 PM,PPLSOFT, ,P_9.00.00
1302,SICK ABS ALL,SICK ABS,AT,Sick leave,6,E, ,Y,A,ALL,SICK, ,N,SY,N,N,N,N,N,N,N,Y,Y,0, , , , , ,N,N,0, ,0, ,0, ,0, ,0, ,0, ,0,0,11/24/2005 12:30:08.000000 PM,PPLSOFT, ,P_9.00.00
1303,MATERNITY ALL,MATERNITY,AT,Maternity leave,6,E, ,Y,A,ALL,MAT, ,N,SY,N,N,N,N,N,N,N,Y,Y,0, , , , , ,N,N,0, ,0, ,0, ,0, ,0, ,0, ,0,0,11/24/2005 12:30:13.000000 PM,PPLSOFT, ,P_9.00.00
10766,OMP AT1 GBR,OMP AT1,AT,Occupational Maternity Pay,6,E, ,Y,C,GBR, , ,N,CU,N,N,N,N,N,N,N,Y,Y,0, , , , , ,N,N,0, ,0, ,0, ,0, ,0, ,0, ,0,0,10/26/2000 9:57:54.000000 PM,PPLSOFT, ,P_8.00.00.00
23148,ABT CIF PAYE FRA,ABT CIF PAYE,AT,Paid sabbatical training,6,E, ,Y,C,FRA, , ,P,ST,N,N,N,Y,N,N,N,Y,Y,0, , , , , , , ,0, ,0, ,0, ,0, ,0, ,0, ,0,0,11/29/2000 12:00:00.000000 AM,PPLSOFT, ,P_8.01.00.00
23150,ABT CIF NONPAYE FRA,ABT CIF NONPAYE,AT,No paid sabbatical training,6,E, ,Y,C,FRA, , ,P,ST,N,N,N,Y,N,N,N,Y,Y,0, , , , , , , ,0, ,0, ,0, ,0, ,0, ,0, ,0,0,11/29/2000 12:00:00.000000 AM,PPLSOFT, ,P_8.01.00.00
23431,ATT TRAJET4 FRA,ATT TRAJET4,AT,Acc Way to Wrk take 4,6,E, ,Y,C,FRA, , ,P,ST,N,N,N,Y,N,N,N,Y,Y,0, , , , , , , ,0, ,0, ,0, ,0, ,0, ,0, ,0,0,10/26/2000 10:08:35.000000 PM,PPLSOFT, ,P_8.00.00.00
23398,MLT PROFESS4 FRA,MLT PROFESS4,AT,Professnl disease take 4,6,E, ,Y,C,FRA, , ,P,ST,N,N,N,Y,N,N,N,Y,Y,0, , , , , , , ,0, ,0, ,0, ,0, ,0, ,0, ,0,0,10/26/2000 10:04:26.000000 PM,PPLSOFT, ,P_8.00.00.00
24600,ATT TRAJ IJ1 FRA,ATT TRAJ IJ1,AT,IJSS Journey accdt take,6,E, ,Y,C,FRA, , ,P,ST,N,N,N,Y,N,N,N,Y,Y,0, , , , , ,N,N,0, ,0, ,0, ,0, ,0, ,0, ,0,0,12/1/2002 12:00:00.000000 AM,PPLSOFT, ,P_8.80.00.00
24601,ATT TRAJ IJ2 FRA,ATT TRAJ IJ2,AT,Journey accdt IJ take 2,6,E, ,Y,C,FRA, , ,P,ST,N,N,N,Y,N,N,N,Y,Y,0, , , , , ,N,N,0, ,0, ,0, ,0, ,0, ,0, ,0,0,12/1/2002 12:00:00.000000 AM,PPLSOFT, ,P_8.80.00.00
24602,ATT TRJ IJ RECH1 FRA,ATT TRJ IJ RECH1,AT,IJ1 calc for jrny acct relapse,6,E, ,Y,C,FRA, , ,P,ST,N,N,N,Y,N,N,N,Y,Y,0, , , , , ,N,N,0, ,0, ,0, ,0, ,0, ,0, ,0,0,12/1/2002 12:00:00.000000 AM,PPLSOFT, ,P_8.80.00.00
24603,ATT TRJ IJ RECH2 FRA,ATT TRJ IJ RECH2,AT,IJ2 for jrny acct relapse,6,E, ,Y,C,FRA, , ,P,ST,N,N,N,Y,N,N,N,Y,Y,0, , , , , ,N,N,0, ,0, ,0, ,0, ,0, ,0, ,0,0,12/1/2002 12:00:00.000000 AM,PPLSOFT, ,P_8.80.00.00
22565,EVT NAIS/ADOP FRA,EVT NAIS/ADOP,AT,Birth leave,6,E, ,Y,C,FRA, , ,P,ST,Y,N,N,Y,N,N,N,Y,Y,0, , , , , , , ,0, ,0, ,0, ,0, ,0, ,0, ,0,0,10/26/2000 10:03:55.000000 PM,PPLSOFT, ,P_8.00.00.00
23399,MLT PROFESS3 FRA,MLT PROFESS3,AT,Professnl disease take 3,6,E, ,Y,C,FRA, , ,P,ST,N,N,N,Y,N,N,N,Y,Y,0, , , , , , , ,0, ,0, ,0, ,0, ,0, ,0, ,0,0,10/26/2000 10:01:56.000000 PM,PPLSOFT, ,P_8.00.00.00
23400,MLT PROFESS2 FRA,MLT PROFESS2,AT,Professnl disease take 2,6,E, ,Y,C,FRA, , ,P,ST,N,N,N,Y,N,N,N,Y,Y,0, , , , , , , ,0, ,0, ,0, ,0, ,0, ,0, ,0,0,10/26/2000 10:01:10.000000 PM,PPLSOFT, ,P_8.00.00.00
23401,MLT PROFESSL FRA,MLT PROFESSL,AT,Professnl disease take 1,6,E, ,Y,C,FRA, , ,P,ST,N,N,N,Y,N,N,N,Y,Y,0, , , , , , , ,0, ,0, ,0, ,0, ,0, ,0, ,0,0,10/26/2000 10:00:53.000000 PM,PPLSOFT, ,P_8.00.00.00
24547,MTT PATERNITE FRA,MTT PATERNITE,AT,Paternity Leave,6,E, ,N,C,FRA, , ,P,ST,N,N,N,N,N,N,N,Y,Y,0, , , , , ,N,N,0, ,0, ,0, ,0, ,0, ,0, ,0,0,12/1/2002 12:00:00.000000 AM,PPLSOFT, ,P_8.80.00.00
23156,ABT CONGE PARENTAL FRA,ABT CONGE PARENTAL,AT,Parental childcare leave take,6,E, ,Y,C,FRA, , ,P,ST,N,N,N,Y,N,N,N,Y,Y,0, , , , , , , ,0, ,0, ,0, ,0, ,0, ,0, ,0,0,11/29/2000 12:00:00.000000 AM,PPLSOFT, ,P_8.01.00.00
23157,ABT ADOPTION FRA,ABT ADOPTION,AT,Parental adoption leave,6,E, ,Y,C,FRA, , ,P,ST,N,N,N,N,N,N,N,Y,Y,0, , , , , , , ,0, ,0, ,0, ,0, ,0, ,0, ,0,0,11/29/2000 12:00:00.000000 AM,PPLSOFT, ,P_8.01.00.00
23159,ABT SABBATIQ FRA,ABT SABBATIQ,AT,Sabbatical leave (take),6,E, ,Y,C,FRA, , ,P,ST,N,N,N,Y,N,N,N,Y,Y,0, , , , , , , ,0, ,0, ,0, ,0, ,0, ,0, ,0,0,11/29/2000 12:00:00.000000 AM,PPLSOFT, ,P_8.01.00.00
22727,EVT DEC ENFANT FRA,EVT DEC ENFANT,AT,Child death leave,6,E, ,Y,C,FRA, , ,P,ST,N,N,N,Y,N,N,N,Y,Y,0, , , , , , , ,0, ,0, ,0, ,0, ,0, ,0, ,0,0,11/29/2000 12:00:00.000000 AM,PPLSOFT, ,P_8.01.00.00
22732,EVT DEC CONJOINT FRA,EVT DEC CONJOINT,AT,Husband or wife death leave,6,E, ,Y,C,FRA, , ,P,ST,N,N,N,Y,N,N,N,Y,Y,0, , , , , , , ,0, ,0, ,0, ,0, ,0, ,0, ,0,0,11/29/2000 12:00:00.000000 AM,PPLSOFT, ,P_8.01.00.00
22733,EVT DEC PARENT FRA,EVT DEC PARENT,AT,Parent death leave,6,E, ,Y,C,FRA, , ,P,ST,N,N,N,Y,N,N,N,Y,Y,0, , , , , , , ,0, ,0, ,0, ,0, ,0, ,0, ,0,0,11/29/2000 12:00:00.000000 AM,PPLSOFT, ,P_8.01.00.00
22735,EVT DEC COLLATERAU FRA,EVT DEC COLLATERAU,AT,Brother/syster death leave,6,E, ,Y,C,FRA, , ,P,ST,N,N,N,Y,N,N,N,Y,Y,0, , , , , , , ,0, ,0, ,0, ,0, ,0, ,0, ,0,0,11/29/2000 12:00:00.000000 AM,PPLSOFT, ,P_8.01.00.00
22736,EVT DEC BEAUX PARE FRA,EVT DEC BEAUX PARE,AT,Parents in law death leave,6,E, ,Y,C,FRA, , ,P,ST,N,N,N,Y,N,N,N,Y,Y,0, , , , , , , ,0, ,0, ,0, ,0, ,0, ,0, ,0,0,11/29/2000 12:00:00.000000 AM,PPLSOFT, ,P_8.01.00.00
23432,ATT TRAJET3 FRA,ATT TRAJET3,AT,Acc on Way to Work take 3,6,E, ,Y,C,FRA, , ,P,ST,N,N,N,Y,N,N,N,Y,Y,0, , , , , , , ,0, ,0, ,0, ,0, ,0, ,0, ,0,0,10/26/2000 10:06:00.000000 PM,PPLSOFT, ,P_8.00.00.00
23433,ATT TRAJET2 FRA,ATT TRAJET2,AT,Accdt on Way to Wrk take 2,6,E, ,Y,C,FRA, , ,P,ST,N,N,N,Y,N,N,N,Y,Y,0, , , , , , , ,0, ,0, ,0, ,0, ,0, ,0, ,0,0,10/26/2000 10:08:55.000000 PM,PPLSOFT, ,P_8.00.00.00
23434,ATT TRAJET FRA,ATT TRAJET,AT,Accdt on Way to Work take 1,6,E, ,Y,C,FRA, , ,P,ST,N,N,N,Y,N,N,N,Y,Y,0, , , , , , , ,0, ,0, ,0, ,0, ,0, ,0, ,0,0,10/26/2000 10:06:43.000000 PM,PPLSOFT, ,P_8.00.00.00
23529,MTT MATERN IJSS FRA,MTT MATERN IJSS,AT,Soc sec daily allw for matern,6,E, ,Y,C,FRA, , ,P,ST,N,N,N,Y,N,N,N,Y,Y,0, , , , , , , ,0, ,0, ,0, ,0, ,0, ,0, ,0,0,10/26/2000 10:02:28.000000 PM,PPLSOFT, ,P_8.00.00.00
23530,MTT ADOPTION FRA,MTT ADOPTION,AT,Adoption take,6,E, ,Y,C,FRA, , ,P,ST,N,N,N,Y,N,N,N,Y,Y,0, , , , , , , ,0, ,0, ,0, ,0, ,0, ,0, ,0,0,10/26/2000 10:02:25.000000 PM,PPLSOFT, ,P_8.00.00.00
23644,MLT LG MALADIE FRA,MLT LG MALADIE,AT,Long term illness take,6,E, ,Y,C,FRA, , ,P,ST,N,N,N,Y,N,N,N,Y,Y,0, , , , , , , ,0, ,0, ,0, ,0, ,0, ,0, ,0,0,10/26/2000 10:09:01.000000 PM,PPLSOFT, ,P_8.00.00.00
22688,EVT MAR ENF FRA,EVT MAR ENF,AT,Payee's child marriage leave,6,E, ,Y,C,FRA, , ,P,ST,N,N,N,Y,N,N,N,Y,Y,0, , , , , , , ,0, ,0, ,0, ,0, ,0, ,0, ,0,0,11/29/2000 12:00:00.000000 AM,PPLSOFT, ,P_8.01.00.00
22868,MLT MAL IJSS FRA,MLT MAL IJSS,AT,illness daily allw tk 1,6,E, ,Y,C,FRA, , ,P,ST,N,N,N,Y,N,N,N,Y,Y,0, , , , , , , ,0, ,0, ,0, ,0, ,0, ,0, ,0,0,10/26/2000 10:04:18.000000 PM,PPLSOFT, ,P_8.00.00.00
22677,EVT MAR SAL FRA,EVT MAR SAL,AT,Payee's marriage,6,E, ,Y,C,FRA, , ,P,ST,N,N,N,Y,N,N,N,Y,Y,0, , , , , , , ,0, ,0, ,0, ,0, ,0, ,0, ,0,0,11/29/2000 12:00:00.000000 AM,PPLSOFT, ,P_8.01.00.00
22818,EVT DEMENAGEMENT FRA,EVT DEMENAGEMENT,AT,Moving leave,6,E, ,Y,C,FRA, , ,P,ST,N,N,N,Y,N,N,N,Y,Y,0, , , , , , , ,0, ,0, ,0, ,0, ,0, ,0, ,0,0,11/29/2000 12:00:00.000000 AM,PPLSOFT, ,P_8.01.00.00
23850,MTT ADOPT NON PAY FRA,MTT ADOPT NON PAY,AT,Unpaid Adoption leave,6,E, ,Y,C,FRA, , ,P,ST,N,N,N,Y,N,N,N,Y,Y,0, , , , , , , ,0, ,0, ,0, ,0, ,0, ,0, ,0,0,11/29/2000 12:00:00.000000 AM,PPLSOFT, ,P_8.01.00.00
22391,CPT AUTRES FRA,CPT AUTRES,AT,Other paid vacations,6,E, ,Y,C,FRA, , ,P,ST,N,N,N,Y,N,N,N,Y,Y,0, , , , , , , ,0, ,0, ,0, ,0, ,0, ,0, ,0,0,10/26/2000 10:03:09.000000 PM,PPLSOFT, ,P_8.00.00.00
22392,ABT AUT NON PAYEE FRA,ABT AUT NON PAYEE,AT,Authorized non paid absences,6,E, ,Y,C,FRA, , ,P,ST,N,N,N,Y,N,N,N,Y,Y,0, , , , , , , ,0, ,0, ,0, ,0, ,0, ,0, ,0,0,11/29/2000 12:00:00.000000 AM,PPLSOFT, ,P_8.01.00.00
23229,MLT MT THERP FRA,MLT MT THERP,AT,Therapeutic part time tk 1,6,E, ,Y,C,FRA, , ,P,ST,N,N,N,Y,N,N,N,Y,Y,0, , , , , , , ,0, ,0, ,0, ,0, ,0, ,0, ,0,0,10/26/2000 10:06:34.000000 PM,PPLSOFT, ,P_8.00.00.00
23239,MLT MT THRP2 FRA,MLT MT THRP2,AT,Therap part time take 2,6,E, ,Y,C,FRA, , ,P,ST,N,N,N,Y,N,N,N,Y,Y,0, , , , , , , ,0, ,0, ,0, ,0, ,0, ,0, ,0,0,10/26/2000 10:07:02.000000 PM,PPLSOFT, ,P_8.00.00.00
23240,MLT MT THRP3 FRA,MLT MT THRP3,AT,Therap part time take 3,6,E, ,Y,C,FRA, , ,P,ST,N,N,N,Y,N,N,N,Y,Y,0, , , , , , , ,0, ,0, ,0, ,0, ,0, ,0, ,0,0,10/26/2000 10:03:28.000000 PM,PPLSOFT, ,P_8.00.00.00
23241,MLT MT THRP4 FRA,MLT MT THRP4,AT,Therap part time take 4,6,E, ,Y,C,FRA, , ,P,ST,N,N,N,Y,N,N,N,Y,Y,0, , , , , , , ,0, ,0, ,0, ,0, ,0, ,0, ,0,0,10/26/2000 10:04:52.000000 PM,PPLSOFT, ,P_8.00.00.00
22801,EVT ENF MAL FRA,EVT ENF MAL,AT,Child ilness leave,6,E, ,Y,C,FRA, , ,P,ST,N,N,N,Y,N,N,N,Y,Y,0, , , , , , , ,0, ,0, ,0, ,0, ,0, ,0, ,0,0,11/29/2000 12:00:00.000000 AM,PPLSOFT, ,P_8.01.00.00
22844,MLT MALADIE 4 FRA,MLT MALADIE 4,AT,Illness take 4,6,E, ,Y,C,FRA, , ,P,ST,N,N,N,Y,N,N,N,Y,Y,0, , , , , , , ,0, ,0, ,0, ,0, ,0, ,0, ,0,0,10/26/2000 10:08:43.000000 PM,PPLSOFT, ,P_8.00.00.00
22845,MLT MALADIE 3 FRA,MLT MALADIE 3,AT,Illness take 3,6,E, ,Y,C,FRA, , ,P,ST,N,N,N,Y,N,N,N,Y,Y,0, , , , , , , ,0, ,0, ,0, ,0, ,0, ,0, ,0,0,10/26/2000 10:08:12.000000 PM,PPLSOFT, ,P_8.00.00.00
22846,MLT MALADIE 2 FRA,MLT MALADIE 2,AT,Illness take 2,6,E, ,Y,C,FRA, , ,P,ST,N,N,N,Y,N,N,N,Y,Y,0, , , , , , , ,0, ,0, ,0, ,0, ,0, ,0, ,0,0,10/26/2000 10:04:03.000000 PM,PPLSOFT, ,P_8.00.00.00
22847,MLT MALADIE FRA,MLT MALADIE,AT,Illness take 1,6,E, ,Y,C,FRA, , ,P,ST,N,N,N,Y,N,N,N,Y,Y,0, , , , , , , ,0, ,0, ,0, ,0, ,0, ,0, ,0,0,10/26/2000 10:04:40.000000 PM,PPLSOFT, ,P_8.00.00.00
22850,EVT ENF MAL AFB FRA,EVT ENF MAL AFB,AT,Child illness leave AFB,6,E, ,Y,C,FRA, ,CAFB,P,ST,N,N,N,Y,N,N,N,Y,Y,0, , , , , , , ,0, ,0, ,0, ,0, ,0, ,0, ,0,0,10/26/2000 10:04:58.000000 PM,PPLSOFT, ,P_8.00.00.00
23040,REP CE SS DT FRA,REP CE SS DT,AT,Work concil without entitlemen,6,E, ,Y,C,FRA, , ,P,ST,N,N,N,Y,N,N,N,Y,Y,0, , , , , , , ,0, ,0, ,0, ,0, ,0, ,0, ,0,0,11/5/2012 2:25:06.278845 AM,PPLSOFT, ,P_8.30.00.00
23049,REP CE FRA,REP CE,AT,Work concil time off,6,E, ,Y,C,FRA, , ,P,ST,N,N,N,Y,N,N,N,Y,Y,0, , , , , , , ,0, ,0, ,0, ,0, ,0, ,0, ,0,0,11/5/2012 2:25:06.280801 AM,PPLSOFT, ,P_8.30.00.00
23028,ABT MAP CONSER FRA,ABT MAP CONSER,AT,Suspension for protective moti,6,E, ,Y,C,FRA, , ,P,ST,N,N,N,Y,N,N,N,Y,Y,0, , , , , , , ,0, ,0, ,0, ,0, ,0, ,0, ,0,0,11/29/2000 12:00:00.000000 AM,PPLSOFT, ,P_8.01.00.00
23248,MLT THER N P FRA,MLT THER N P,AT,Authorizd unpd therap part tim,6,E, ,Y,C,FRA, , ,P,ST,N,N,N,Y,N,N,N,Y,Y,0, , , , , , , ,0, ,0, ,0, ,0, ,0, ,0, ,0,0,11/29/2000 12:00:00.000000 AM,PPLSOFT, ,P_8.01.00.00
23267,MLT LG MAL IJ FRA,MLT LG MAL IJ,AT,Long period illness take IJ,6,E, ,Y,C,FRA, , ,P,ST,N,N,N,Y,N,N,N,Y,Y,0, , , , , , , ,0, ,0, ,0, ,0, ,0, ,0, ,0,0,10/26/2000 10:08:04.000000 PM,PPLSOFT, ,P_8.00.00.00
23168,ABT REP COMP FRA,ABT REP COMP,AT,Time of in lieu comp. take,6,E, ,Y,C,FRA, , ,P,ST,N,N,N,N,N,N,N,Y,Y,0, , , , , , , ,0, ,0, ,0, ,0, ,0, ,0, ,0,0,11/29/2000 12:00:00.000000 AM,PPLSOFT, ,P_8.01.00.00
23175,ABT PREAV N F FRA,ABT PREAV N F,AT,Relase from work paid (take),6,E, ,Y,C,FRA, , ,P,ST,N,N,N,Y,N,N,N,Y,Y,0, , , , , , , ,0, ,0, ,0, ,0, ,0, ,0, ,0,0,11/29/2000 12:00:00.000000 AM,PPLSOFT, ,P_8.01.00.00
22875,EVT ALLAITEMENT FRA,EVT ALLAITEMENT,AT,Breast feeding take,6,E, ,Y,C,FRA, ,CAFB,P,ST,N,N,N,Y,N,N,N,Y,Y,0, , , , , , , ,0, ,0, ,0, ,0, ,0, ,0, ,0,0,11/29/2000 12:00:00.000000 AM,PPLSOFT, ,P_8.01.00.00
23364,ATT TRAVAIL FRA,ATT TRAVAIL,AT,Wrk accdt take 1,6,E, ,Y,C,FRA, , ,P,ST,N,N,N,Y,N,N,N,Y,Y,0, , , , , , , ,0, ,0, ,0, ,0, ,0, ,0, ,0,0,10/26/2000 10:02:38.000000 PM,PPLSOFT, ,P_8.00.00.00
23365,ATT TRAVAIL2 FRA,ATT TRAVAIL2,AT,Wrk accident take 2,6,E, ,Y,C,FRA, , ,P,ST,N,N,N,Y,N,N,N,Y,Y,0, , , , , , , ,0, ,0, ,0, ,0, ,0, ,0, ,0,0,10/26/2000 10:01:25.000000 PM,PPLSOFT, ,P_8.00.00.00
23366,ATT TRAVAIL3 FRA,ATT TRAVAIL3,AT,Wrk accident take 3,6,E, ,Y,C,FRA, , ,P,ST,N,N,N,Y,N,N,N,Y,Y,0, , , , , , , ,0, ,0, ,0, ,0, ,0, ,0, ,0,0,10/26/2000 10:01:19.000000 PM,PPLSOFT, ,P_8.00.00.00
23367,ATT TRAVAIL4 FRA,ATT TRAVAIL4,AT,Wrk accident take 4,6,E, ,Y,C,FRA, , ,P,ST,N,N,N,Y,N,N,N,Y,Y,0, , , , , , , ,0, ,0, ,0, ,0, ,0, ,0, ,0,0,10/26/2000 10:01:46.000000 PM,PPLSOFT, ,P_8.00.00.00
22999,ABT GREVE FRA,ABT GREVE,AT,Strike absences,6,E, ,Y,C,FRA, , ,P,ST,N,N,N,N,N,N,N,Y,Y,0, , , , , , , ,0, ,0, ,0, ,0, ,0, ,0, ,0,0,11/29/2000 12:00:00.000000 AM,PPLSOFT, ,P_8.01.00.00
22202,CPT CG PAYES FRA,CPT CG PAYES,AT,Paid Vacation take,6,E, ,Y,C,FRA, , ,P,ST,N,N,N,Y,N,N,N,Y,Y,0, , , , , ,N,N,0, ,0, ,0, ,0, ,0, ,0, ,0,0,11/5/2012 2:25:06.160694 AM,PPLSOFT, ,P_8.30.00.00
22203,CPT ANCIENTE FRA,CPT ANCIENTE,AT,Seniority paid vacation days,6,E, ,Y,C,FRA, , ,P,ST,N,N,N,Y,N,N,N,Y,Y,0, , , , , , , ,0, ,0, ,0, ,0, ,0, ,0, ,0,0,10/26/2000 10:08:23.000000 PM,PPLSOFT, ,P_8.00.00.00
22204,CPT FRACTMT FRA,CPT FRACTMT,AT,Split days vacation take,6,E, ,Y,C,FRA, , ,P,ST,N,N,N,Y,N,N,N,Y,Y,0, , , , , , , ,0, ,0, ,0, ,0, ,0, ,0, ,0,0,10/26/2000 10:07:21.000000 PM,PPLSOFT, ,P_8.00.00.00
22205,CPT CG ANTICIP FRA,CPT CG ANTICIP,AT,Anticipated paid vacation days,6,E, ,Y,C,FRA, , ,P,ST,N,N,N,Y,N,N,N,Y,Y,0, , , , , , , ,0, ,0, ,0, ,0, ,0, ,0, ,0,0,10/26/2000 10:07:16.000000 PM,PPLSOFT, ,P_8.00.00.00
23276,MLT CURE NP FRA,MLT CURE NP,AT,Unpd course of treatmt take,6,E, ,Y,C,FRA, , ,P,ST,N,N,N,Y,N,N,N,Y,Y,0, , , , , , , ,0, ,0, ,0, ,0, ,0, ,0, ,0,0,10/26/2000 10:00:47.000000 PM,PPLSOFT, ,P_8.00.00.00
23097,REP DELEGUE PERSON FRA,REP DELEGUE PERSON,AT,Staff representative hours,6,E, ,Y,C,FRA, , ,P,ST,N,N,N,Y,N,N,N,Y,Y,0, , , , , , , ,0, ,0, ,0, ,0, ,0, ,0, ,0,0,11/5/2012 2:25:06.296427 AM,PPLSOFT, ,P_8.30.00.00
23106,REP CHSCT FRA,REP CHSCT,AT,CHSCT hours take,6,E, ,Y,C,FRA, , ,P,ST,N,N,N,Y,N,N,N,Y,Y,0, , , , , , , ,0, ,0, ,0, ,0, ,0, ,0, ,0,0,11/5/2012 2:25:06.298392 AM,PPLSOFT, ,P_8.30.00.00
23115,REP DEL SYNDICAL FRA,REP DEL SYNDICAL,AT,Trade union rep. hours,6,E, ,Y,C,FRA, , ,P,ST,N,N,N,Y,N,N,N,Y,Y,0, , , , , , , ,0, ,0, ,0, ,0, ,0, ,0, ,0,0,11/5/2012 2:25:06.300310 AM,PPLSOFT, ,P_8.30.00.00
22916,MLT MAL IJ2 FRA,MLT MAL IJ2,AT,Illness daily allw take 2,6,E, ,Y,C,FRA, , ,P,ST,N,N,N,Y,N,N,N,Y,Y,0, , , , , , , ,0, ,0, ,0, ,0, ,0, ,0, ,0,0,10/26/2000 10:03:00.000000 PM,PPLSOFT, ,P_8.00.00.00
22919,MLT MAL IJ3 FRA,MLT MAL IJ3,AT,Illness daily allw take 3,6,E, ,Y,C,FRA, , ,P,ST,N,N,N,Y,N,N,N,Y,Y,0, , , , , , , ,0, ,0, ,0, ,0, ,0, ,0, ,0,0,10/26/2000 10:00:55.000000 PM,PPLSOFT, ,P_8.00.00.00
23030,ABT MAP DISCIPLI FRA,ABT MAP DISCIPLI,AT,Suspension for disci.motive,6,E, ,Y,C,FRA, , ,P,ST,N,N,N,N,N,N,N,Y,Y,0, , , , , , , ,0, ,0, ,0, ,0, ,0, ,0, ,0,0,11/29/2000 12:00:00.000000 AM,PPLSOFT, ,P_8.01.00.00
23035,ABT AB N AUT N PAY FRA,ABT AB N AUT N PAY,AT,Unpaid absence without autoriz,6,E, ,Y,C,FRA, , ,P,ST,N,N,N,N,N,N,N,Y,Y,0, , , , , , , ,0, ,0, ,0, ,0, ,0, ,0, ,0,0,11/29/2000 12:00:00.000000 AM,PPLSOFT, ,P_8.01.00.00
23081,ABT AUT ABS PAYEES FRA,ABT AUT ABS PAYEES,AT,Autorized paid absences,6,E, ,Y,C,FRA, , ,P,ST,N,N,N,N,N,N,N,Y,Y,0, , , , , ,N,N,0, ,0, ,0, ,0, ,0, ,0, ,0,0,11/5/2012 2:25:06.294484 AM,PPLSOFT, ,P_8.30.00.00
23316,MLT CURE PAYEE FRA,MLT CURE PAYEE,AT,Pd crse of treatmt take 1,6,E, ,Y,C,FRA, , ,P,ST,N,N,N,Y,N,N,N,Y,Y,0, , , , , , , ,0, ,0, ,0, ,0, ,0, ,0, ,0,0,10/26/2000 10:03:47.000000 PM,PPLSOFT, ,P_8.00.00.00
23317,MLT CURE PAY4 FRA,MLT CURE PAY4,AT,Pd crse of treatmt take 4,6,E, ,Y,C,FRA, , ,P,ST,N,N,N,Y,N,N,N,Y,Y,0, , , , , , , ,0, ,0, ,0, ,0, ,0, ,0, ,0,0,10/26/2000 10:05:48.000000 PM,PPLSOFT, ,P_8.00.00.00
23318,MLT CURE PAY3 FRA,MLT CURE PAY3,AT,Pd crse of treatment take 3,6,E, ,Y,C,FRA, , ,P,ST,N,N,N,Y,N,N,N,Y,Y,0, , , , , , , ,0, ,0, ,0, ,0, ,0, ,0, ,0,0,10/26/2000 10:03:41.000000 PM,PPLSOFT, ,P_8.00.00.00
23319,MLT CURE PAY2 FRA,MLT CURE PAY2,AT,Pd crse of treatmt take 2,6,E, ,Y,C,FRA, , ,P,ST,N,N,N,Y,N,N,N,Y,Y,0, , , , , , , ,0, ,0, ,0, ,0, ,0, ,0, ,0,0,10/26/2000 10:06:06.000000 PM,PPLSOFT, ,P_8.00.00.00
23320,MLT CURE IJSS FRA,MLT CURE IJSS,AT,IJSS crse of treatment take,6,E, ,Y,C,FRA, , ,P,ST,N,N,N,Y,N,N,N,Y,Y,0, , , , , , , ,0, ,0, ,0, ,0, ,0, ,0, ,0,0,10/26/2000 10:05:28.000000 PM,PPLSOFT, ,P_8.00.00.00
30226,DE_AB_M55 DEU,DE_AB_M55,AT,Paid absence,6,E, ,N,C,DEU, , ,N,CU,N,N,N,N,N,N,N,Y,N,0, , , , , ,N,N,0, ,0, ,0, ,0, ,0, ,0, ,0,0,12/1/2002 12:00:00.000000 AM,PPLSOFT, ,P_8.80.00.00
30227,DE_AB_M78 DEU,DE_AB_M78,AT,Parental leave,4,E, ,N,C,DEU, , ,N,CU,N,N,N,N,N,N,N,Y,N,0, , , , , ,N,N,0, ,0, ,0, ,0, ,0, ,0, ,0,0,4/11/2006 12:13:18.000000 PM,PPLSOFT, ,P_8.91.00.637456
30228,DE_AB_M70 DEU,DE_AB_M70,AT,Military service < 3 days,4,E, ,N,C,DEU, , ,N,CU,N,N,N,N,N,N,N,Y,N,0, , , , , ,N,N,0, ,0, ,0, ,0, ,0, ,0, ,0,0,1/23/2006 7:10:26.000000 PM,PPLSOFT, ,P_8.91.00.655329
30229,DE_AB_M75 DEU,DE_AB_M75,AT,Military training,4,E, ,N,C,DEU, , ,N,CU,N,N,N,N,N,N,N,Y,N,0, , , , , ,N,N,0, ,0, ,0, ,0, ,0, ,0, ,0,0,1/23/2006 7:10:26.000000 PM,PPLSOFT, ,P_8.91.00.655329
30230,DE_AB_M76 DEU,DE_AB_M76,AT,Military service,4,E, ,N,C,DEU, , ,N,CU,N,N,N,N,N,N,N,Y,N,0, , , , , ,N,N,0, ,0, ,0, ,0, ,0, ,0, ,0,0,1/23/2006 7:10:26.000000 PM,PPLSOFT, ,P_8.91.00.655329
30231,DE_AB_M77 DEU,DE_AB_M77,AT,Social service,4,E, ,N,C,DEU, , ,N,CU,N,N,N,N,N,N,N,Y,N,0, , , , , ,N,N,0, ,0, ,0, ,0, ,0, ,0, ,0,0,1/23/2006 7:10:26.000000 PM,PPLSOFT, ,P_8.91.00.655329
30232,DE_AB_M50 DEU,DE_AB_M50,AT,Unexcused, unpaid,4,E, ,N,C,DEU, , ,N,CU,N,N,N,N,N,N,N,Y,N,0, , , , , ,N,N,0, ,0, ,0, ,0, ,0, ,0, ,0,0,1/23/2006 7:10:26.000000 PM,PPLSOFT, ,P_8.91.00.655329
30233,DE_AB_M56 DEU,DE_AB_M56,AT,Unpaid,4,E, ,N,C,DEU, , ,N,CU,N,N,N,N,N,N,N,Y,N,0, , , , , ,N,N,0, ,0, ,0, ,0, ,0, ,0, ,0,0,1/23/2006 7:10:26.000000 PM,PPLSOFT, ,P_8.91.00.655329
30234,DE_AB_M69 DEU,DE_AB_M69,AT,Training leave,6,E, ,N,C,DEU, , ,N,CU,N,N,N,N,N,N,N,Y,N,0, , , , , ,N,N,0, ,0, ,0, ,0, ,0, ,0, ,0,0,12/1/2002 12:00:00.000000 AM,PPLSOFT, ,P_8.80.00.00
30235,DE_AB_M79 DEU,DE_AB_M79,AT,Maternity,4,E, ,N,C,DEU, , ,N,CU,N,N,N,N,N,N,N,Y,N,0, , , , , ,N,N,0, ,0, ,0, ,0, ,0, ,0, ,0,0,1/23/2006 7:10:26.000000 PM,PPLSOFT, ,P_8.91.00.655329
30236,DE_AB_M20 DEU,DE_AB_M20,AT,Strike legal,4,E, ,N,C,DEU, , ,N,CU,N,N,N,N,N,N,N,Y,N,0, , , , , ,N,N,0, ,0, ,0, ,0, ,0, ,0, ,0,0,1/23/2006 7:10:26.000000 PM,PPLSOFT, ,P_8.91.00.655329
30237,DE_AB_M16 DEU,DE_AB_M16,AT,Work accident,4,E, ,N,C,DEU, , ,N,CU,N,N,N,N,N,N,N,Y,N,0, , , , , ,N,N,0, ,0, ,0, ,0, ,0, ,0, ,0,0,1/23/2006 7:10:26.000000 PM,PPLSOFT, ,P_8.91.00.655329
30238,DE_AB_M17 DEU,DE_AB_M17,AT,Work accident unpaid,4,E, ,N,C,DEU, , ,N,CU,N,N,N,N,N,N,N,Y,N,0, , , , , ,N,N,0, ,0, ,0, ,0, ,0, ,0, ,0,0,1/23/2006 7:10:26.000000 PM,PPLSOFT, ,P_8.91.00.655329
30239,DE_AB_M18 DEU,DE_AB_M18,AT,Travel Accident to work,4,E, ,N,C,DEU, , ,N,CU,N,N,N,N,N,N,N,Y,N,0, , , , , ,N,N,0, ,0, ,0, ,0, ,0, ,0, ,0,0,1/23/2006 7:10:26.000000 PM,PPLSOFT, ,P_8.91.00.655329
30240,DE_AB_M19 DEU,DE_AB_M19,AT,Travel Accident to work unpaid,4,E, ,N,C,DEU, , ,N,CU,N,N,N,N,N,N,N,Y,N,0, , , , , ,N,N,0, ,0, ,0, ,0, ,0, ,0, ,0,0,1/23/2006 7:10:26.000000 PM,PPLSOFT, ,P_8.91.00.655329
30241,DE_AB_M40 DEU,DE_AB_M40,AT,Strike illegal,4,E, ,N,C,DEU, , ,N,CU,N,N,N,N,N,N,N,Y,N,0, , , , , ,N,N,0, ,0, ,0, ,0, ,0, ,0, ,0,0,1/23/2006 7:10:26.000000 PM,PPLSOFT, ,P_8.91.00.655329
30244,DE_AB_MB001 DEU,DE_AB_MB001,AT,Marriage,6,E, ,N,C,DEU, , ,N,CU,N,N,N,N,N,N,N,Y,N,0, , , , , ,N,N,0, ,0, ,0, ,0, ,0, ,0, ,0,0,12/1/2002 12:00:00.000000 AM,PPLSOFT, ,P_8.80.00.00
30245,DE_AB_MB002 DEU,DE_AB_MB002,AT,Marriage of children,6,E, ,N,C,DEU, , ,N,CU,N,N,N,N,N,N,N,Y,N,0, , , , , ,N,N,0, ,0, ,0, ,0, ,0, ,0, ,0,0,12/1/2002 12:00:00.000000 AM,PPLSOFT, ,P_8.80.00.00
30246,DE_AB_MB003 DEU,DE_AB_MB003,AT,50 anniversary parents marriag,6,E, ,N,C,DEU, , ,N,CU,N,N,N,N,N,N,N,Y,N,0, , , , , ,N,N,0, ,0, ,0, ,0, ,0, ,0, ,0,0,12/1/2002 12:00:00.000000 AM,PPLSOFT, ,P_8.80.00.00
30247,DE_AB_MB004 DEU,DE_AB_MB004,AT,Niederkunft d. Ehefrau,6,E, ,N,C,DEU, , ,N,CU,N,N,N,N,N,N,N,Y,N,0, , , , , ,N,N,0, ,0, ,0, ,0, ,0, ,0, ,0,0,12/1/2002 12:00:00.000000 AM,PPLSOFT, ,P_8.80.00.00
30248,DE_AB_MB006 DEU,DE_AB_MB006,AT,Death of parents, childs etc.,6,E, ,N,C,DEU, , ,N,CU,N,N,N,N,N,N,N,Y,N,0, , , , , ,N,N,0, ,0, ,0, ,0, ,0, ,0, ,0,0,12/1/2002 12:00:00.000000 AM,PPLSOFT, ,P_8.80.00.00
30249,DE_AB_MB005 DEU,DE_AB_MB005,AT,Death of spouse,6,E, ,N,C,DEU, , ,N,CU,N,N,N,N,N,N,N,Y,N,0, , , , , ,N,N,0, ,0, ,0, ,0, ,0, ,0, ,0,0,12/1/2002 12:00:00.000000 AM,PPLSOFT, ,P_8.80.00.00
30250,DE_AB_MB007 DEU,DE_AB_MB007,AT,Moval (active Job),6,E, ,N,C,DEU, , ,N,CU,N,N,N,N,N,N,N,Y,N,0, , , , , ,N,N,0, ,0, ,0, ,0, ,0, ,0, ,0,0,12/1/2002 12:00:00.000000 AM,PPLSOFT, ,P_8.80.00.00
30251,DE_AB_MB008 DEU,DE_AB_MB008,AT,Moval because of job,6,E, ,N,C,DEU, , ,N,CU,N,N,N,N,N,N,N,Y,N,0, , , , , ,N,N,0, ,0, ,0, ,0, ,0, ,0, ,0,0,12/1/2002 12:00:00.000000 AM,PPLSOFT, ,P_8.80.00.00
30252,DE_AB_MB009 DEU,DE_AB_MB009,AT,Job Anniversary 25,40,50 years,6,E, ,N,C,DEU, , ,N,CU,N,N,N,N,N,N,N,Y,N,0, , , , , ,N,N,0, ,0, ,0, ,0, ,0, ,0, ,0,0,12/1/2002 12:00:00.000000 AM,PPLSOFT, ,P_8.80.00.00
30253,DE_AB_MB020 DEU,DE_AB_MB020,AT,Childcare,4,E, ,N,C,DEU, , ,N,CU,N,N,N,N,N,N,N,Y,N,0, , , , , ,N,N,0, ,0, ,0, ,0, ,0, ,0, ,0,0,1/23/2006 7:10:26.000000 PM,PPLSOFT, ,P_8.91.00.655329
30242,DE_AB_M90 DEU,DE_AB_M90,AT,KUG,4,E, ,N,C,DEU, , ,N,CU,N,N,N,N,N,N,N,Y,N,0, , , , , ,N,N,0, ,0, ,0, ,0, ,0, ,0, ,0,0,1/23/2006 7:10:26.000000 PM,PPLSOFT, ,P_8.91.00.655329
30243,DE_AB_M91 DEU,DE_AB_M91,AT,KUG sick,4,E, ,N,C,DEU, , ,N,CU,N,N,N,N,N,N,N,Y,N,0, , , , , ,N,N,0, ,0, ,0, ,0, ,0, ,0, ,0,0,1/23/2006 7:10:26.000000 PM,PPLSOFT, ,P_8.91.00.655329
30222,DE_AB_M31 DEU,DE_AB_M31,AT,Disabilty Pension (EU),4,E, ,N,C,DEU, , ,N,CU,N,N,N,N,N,N,N,Y,N,0, , , , , ,N,N,0, ,0, ,0, ,0, ,0, ,0, ,0,0,8/10/2007 12:23:24.000000 PM,PPLSOFT, ,P_9.00.00.689726
30220,DE_AB_M60 DEU,DE_AB_M60,AT,Vacation,6,E, ,N,C,DEU, , ,N,CU,N,N,N,N,N,N,N,Y,N,0, , , , , ,N,N,0, ,0, ,0, ,0, ,0, ,0, ,0,0,12/1/2002 12:00:00.000000 AM,PPLSOFT, ,P_8.80.00.00
30221,DE_AB_M30 DEU,DE_AB_M30,AT,Vacation unpaid,4,E, ,N,C,DEU, , ,N,CU,N,N,N,N,N,N,N,Y,N,0, , , , , ,N,N,0, ,0, ,0, ,0, ,0, ,0, ,0,0,1/23/2006 7:10:26.000000 PM,PPLSOFT, ,P_8.91.00.655329
30224,DE_AB_M15 DEU,DE_AB_M15,AT,Curing,4,E, ,N,C,DEU, , ,N,CU,N,N,N,N,N,N,N,Y,N,0, , , , , ,N,N,0, ,0, ,0, ,0, ,0, ,0, ,0,0,1/23/2006 7:10:26.000000 PM,PPLSOFT, ,P_8.91.00.655329
30225,DE_AB_M11 DEU,DE_AB_M11,AT,Sick unpaid,4,E, ,N,C,DEU, , ,N,CU,N,N,N,N,N,N,N,Y,N,0, , , , , ,N,N,0, ,0, ,0, ,0, ,0, ,0, ,0,0,1/23/2006 7:10:26.000000 PM,PPLSOFT, ,P_8.91.00.655329
35995,DE_AB_M78T DEU,DE_AB_M78T,AT,Parental Leave(Partime empld),6,E, ,N,C,DEU, , ,N,CU,N,N,N,N,N,N,N,Y,Y,0, , , , , ,N,N,0, ,0, ,0, ,0, ,0, ,0, ,0,0,10/20/2014 8:45:13.580643 AM,PPLSOFT, ,P_9.20.19857475
23571,MLT PRO RECH3 FRA,MLT PRO RECH3,AT,Relapse of prof disease 3,6,E, ,Y,C,FRA, , ,P,ST,N,N,N,Y,N,N,N,Y,Y,0, , , , , , , ,0, ,0, ,0, ,0, ,0, ,0, ,0,0,10/26/2000 10:06:13.000000 PM,PPLSOFT, ,P_8.00.00.00
23572,MLT PRO RECH4 FRA,MLT PRO RECH4,AT,Relapse of prof disease 4,6,E, ,Y,C,FRA, , ,P,ST,N,N,N,Y,N,N,N,Y,Y,0, , , , , , , ,0, ,0, ,0, ,0, ,0, ,0, ,0,0,10/26/2000 10:09:07.000000 PM,PPLSOFT, ,P_8.00.00.00
23573,MTT PATHOLOGIQ FRA,MTT PATHOLOGIQ,AT,Pathological leave 1,6,E, ,Y,C,FRA, , ,P,ST,N,N,N,Y,N,N,N,Y,Y,0, , , , , , , ,0, ,0, ,0, ,0, ,0, ,0, ,0,0,10/26/2000 10:08:49.000000 PM,PPLSOFT, ,P_8.00.00.00
23574,MTT PATHOLOGIQ2 FRA,MTT PATHOLOGIQ2,AT,Pathological leave 2,6,E, ,Y,C,FRA, , ,P,ST,N,N,N,Y,N,N,N,Y,Y,0, , , , , , , ,0, ,0, ,0, ,0, ,0, ,0, ,0,0,10/26/2000 10:03:06.000000 PM,PPLSOFT, ,P_8.00.00.00
23774,MTT PATHO AV FRA,MTT PATHO AV,AT,Patho leave before maternity,6,E, ,Y,C,FRA, , ,P,ST,N,N,N,Y,N,N,N,Y,Y,0, , , , , , , ,0, ,0, ,0, ,0, ,0, ,0, ,0,0,10/26/2000 10:03:17.000000 PM,PPLSOFT, ,P_8.00.00.00
23775,MTT PATHO AV 2 FRA,MTT PATHO AV 2,AT,Patho leave before matern 2,6,E, ,Y,C,FRA, , ,P,ST,N,N,N,Y,N,N,N,Y,Y,0, , , , , , , ,0, ,0, ,0, ,0, ,0, ,0, ,0,0,10/26/2000 10:01:40.000000 PM,PPLSOFT, ,P_8.00.00.00
23435,MTT MATERN PAYEE FRA,MTT MATERN PAYEE,AT,Paid maternity absence take,6,E, ,Y,C,FRA, , ,P,ST,N,N,N,Y,N,N,N,Y,Y,0, , , , , , , ,0, ,0, ,0, ,0, ,0, ,0, ,0,0,10/26/2000 10:05:54.000000 PM,PPLSOFT, ,P_8.00.00.00
23436,MTT MATERN NON PAY FRA,MTT MATERN NON PAY,AT,Non paid maternity absence,6,E, ,Y,C,FRA, , ,P,ST,N,N,N,Y,N,N,N,Y,Y,0, , , , , , , ,0, ,0, ,0, ,0, ,0, ,0, ,0,0,10/26/2000 10:06:47.000000 PM,PPLSOFT, ,P_8.00.00.00
23448,ATT TRAV IJ FRA,ATT TRAV IJ,AT,IJSS Wrk accdt take,6,E, ,Y,C,FRA, , ,P,ST,N,N,N,Y,N,N,N,Y,Y,0, , , , , , , ,0, ,0, ,0, ,0, ,0, ,0, ,0,0,10/26/2000 10:07:18.000000 PM,PPLSOFT, ,P_8.00.00.00
23449,ATT TRAV IJ2 FRA,ATT TRAV IJ2,AT,wrk accdt IJ take 2,6,E, ,Y,C,FRA, , ,P,ST,N,N,N,Y,N,N,N,Y,Y,0, , , , , , , ,0, ,0, ,0, ,0, ,0, ,0, ,0,0,10/26/2000 10:08:20.000000 PM,PPLSOFT, ,P_8.00.00.00
23558,ATT RECHUTE TRAV FRA,ATT RECHUTE TRAV,AT,Wrk accdt relapse 1,6,E, ,Y,C,FRA, , ,P,ST,N,N,N,Y,N,N,N,Y,Y,0, , , , , , , ,0, ,0, ,0, ,0, ,0, ,0, ,0,0,10/26/2000 10:09:13.000000 PM,PPLSOFT, ,P_8.00.00.00
23559,ATT RECHUT TR2 FRA,ATT RECHUT TR2,AT,Wrk accdt relapse 2,6,E, ,Y,C,FRA, , ,P,ST,N,N,N,Y,N,N,N,Y,Y,0, , , , , , , ,0, ,0, ,0, ,0, ,0, ,0, ,0,0,10/26/2000 10:08:29.000000 PM,PPLSOFT, ,P_8.00.00.00
23560,ATT RECHUT TR3 FRA,ATT RECHUT TR3,AT,Wrk accdt relapse 3,6,E, ,Y,C,FRA, , ,P,ST,N,N,N,Y,N,N,N,Y,Y,0, , , , , , , ,0, ,0, ,0, ,0, ,0, ,0, ,0,0,10/26/2000 10:07:38.000000 PM,PPLSOFT, ,P_8.00.00.00
23561,ATT RECHUT TR4 FRA,ATT RECHUT TR4,AT,Wrk accdt relapse 4,6,E, ,Y,C,FRA, , ,P,ST,N,N,N,Y,N,N,N,Y,Y,0, , , , , , , ,0, ,0, ,0, ,0, ,0, ,0, ,0,0,10/26/2000 10:02:51.000000 PM,PPLSOFT, ,P_8.00.00.00
23563,ATT TRV IJ RECH1 FRA,ATT TRV IJ RECH1,AT,IJ1 calc for wrk acct relapse,6,E, ,Y,C,FRA, , ,P,ST,N,N,N,Y,N,N,N,Y,Y,0, , , , , , , ,0, ,0, ,0, ,0, ,0, ,0, ,0,0,10/26/2000 10:01:01.000000 PM,PPLSOFT, ,P_8.00.00.00
23564,ATT TRV IJ RECH2 FRA,ATT TRV IJ RECH2,AT,IJ2 for wrk acct relapse,6,E, ,Y,C,FRA, , ,P,ST,N,N,N,Y,N,N,N,Y,Y,0, , , , , , , ,0, ,0, ,0, ,0, ,0, ,0, ,0,0,10/26/2000 10:04:32.000000 PM,PPLSOFT, ,P_8.00.00.00
23565,ATT RECHUTE TRAJ FRA,ATT RECHUTE TRAJ,AT,Relapse accdt on way to wrk 1,6,E, ,Y,C,FRA, , ,P,ST,N,N,N,Y,N,N,N,Y,Y,0, , , , , , , ,0, ,0, ,0, ,0, ,0, ,0, ,0,0,10/26/2000 10:06:53.000000 PM,PPLSOFT, ,P_8.00.00.00
23566,ATT RECHUTE TJ2 FRA,ATT RECHUTE TJ2,AT,Relapse of acc on way to wrk 2,6,E, ,Y,C,FRA, , ,P,ST,N,N,N,Y,N,N,N,Y,Y,0, , , , , , , ,0, ,0, ,0, ,0, ,0, ,0, ,0,0,10/26/2000 10:05:15.000000 PM,PPLSOFT, ,P_8.00.00.00
23567,ATT RECHUTE TJ3 FRA,ATT RECHUTE TJ3,AT,Relapse of acct on way to wrk,6,E, ,Y,C,FRA, , ,P,ST,N,N,N,Y,N,N,N,Y,Y,0, , , , , , , ,0, ,0, ,0, ,0, ,0, ,0, ,0,0,10/26/2000 10:07:44.000000 PM,PPLSOFT, ,P_8.00.00.00
23568,ATT RECHUTE TJ4 FRA,ATT RECHUTE TJ4,AT,Relapse of acc on way to wrk 4,6,E, ,Y,C,FRA, , ,P,ST,N,N,N,Y,N,N,N,Y,Y,0, , , , , , , ,0, ,0, ,0, ,0, ,0, ,0, ,0,0,10/26/2000 10:07:08.000000 PM,PPLSOFT, ,P_8.00.00.00
23569,MLT PRO RECHUTE FRA,MLT PRO RECHUTE,AT,Relapse of prof disease 1,6,E, ,Y,C,FRA, , ,P,ST,N,N,N,Y,N,N,N,Y,Y,0, , , , , , , ,0, ,0, ,0, ,0, ,0, ,0, ,0,0,10/26/2000 10:04:46.000000 PM,PPLSOFT, ,P_8.00.00.00
23570,MLT PRO RECH2 FRA,MLT PRO RECH2,AT,Relapse of prof disease 2,6,E, ,Y,C,FRA, , ,P,ST,N,N,N,Y,N,N,N,Y,Y,0, , , , , , , ,0, ,0, ,0, ,0, ,0, ,0, ,0,0,10/26/2000 10:08:18.000000 PM,PPLSOFT, ,P_8.00.00.00
23776,MTT PATHO AV 3 FRA,MTT PATHO AV 3,AT,Patho leave before matern 3,6,E, ,Y,C,FRA, , ,P,ST,N,N,N,Y,N,N,N,Y,Y,0, , , , , , , ,0, ,0, ,0, ,0, ,0, ,0, ,0,0,10/26/2000 10:02:11.000000 PM,PPLSOFT, ,P_8.00.00.00
23777,MTT PATHO AV 4 FRA,MTT PATHO AV 4,AT,Patho leave before matern 4,6,E, ,Y,C,FRA, , ,P,ST,N,N,N,Y,N,N,N,Y,Y,0, , , , , , , ,0, ,0, ,0, ,0, ,0, ,0, ,0,0,10/26/2000 10:02:17.000000 PM,PPLSOFT, ,P_8.00.00.00
23656,MTT CG SUP FRA,MTT CG SUP,AT,Additional maternity abs take,6,E, ,Y,C,FRA, ,CAFB,P,ST,N,N,N,Y,N,N,N,Y,Y,0, , , , , , , ,0, ,0, ,0, ,0, ,0, ,0, ,0,0,11/29/2000 12:00:00.000000 AM,PPLSOFT, ,P_8.01.00.00
23657,MTT CG SUP2 FRA,MTT CG SUP2,AT,Additional maternity abs tk2,6,E, ,Y,C,FRA, ,CAFB,P,ST,Y,N,N,Y,N,N,N,Y,Y,0, , , , , , , ,0, ,0, ,0, ,0, ,0, ,0, ,0,0,10/26/2000 10:04:09.000000 PM,PPLSOFT, ,P_8.00.00.00
24026,MLT MT THERP IJ FRA,MLT MT THERP IJ,AT,IJSS for therapeutic part time,6,E, ,N,C,FRA, , ,P,ST,N,N,N,N,N,N,N,Y,Y,0, , , , , , , ,0, ,0, ,0, ,0, ,0, ,0, ,0,0,11/5/2012 2:25:06.527879 AM,PPLSOFT, ,P_8.30.00.00
23575,MTT PATHOLOGIQ3 FRA,MTT PATHOLOGIQ3,AT,Pathological leave 3,6,E, ,Y,C,FRA, , ,P,ST,N,N,N,Y,N,N,N,Y,Y,0, , , , , , , ,0, ,0, ,0, ,0, ,0, ,0, ,0,0,10/26/2000 10:06:18.000000 PM,PPLSOFT, ,P_8.00.00.00
23576,MTT PATHOLOGIQ4 FRA,MTT PATHOLOGIQ4,AT,Pathological leave 4,6,E, ,Y,C,FRA, , ,P,ST,N,N,N,Y,N,N,N,Y,Y,0, , , , , , , ,0, ,0, ,0, ,0, ,0, ,0, ,0,0,10/26/2000 10:01:31.000000 PM,PPLSOFT, ,P_8.00.00.00
23577,MTT PATHO IJ AV FRA,MTT PATHO IJ AV,AT,IJ for patho abs before matern,6,E, ,Y,C,FRA, , ,P,ST,N,N,N,Y,N,N,N,Y,Y,0, , , , , , , ,0, ,0, ,0, ,0, ,0, ,0, ,0,0,10/26/2000 10:01:13.000000 PM,PPLSOFT, ,P_8.00.00.00
23578,MTT PATHO IJ AP1 FRA,MTT PATHO IJ AP1,AT,IJ for patho abs after matern1,6,E, ,Y,C,FRA, , ,P,ST,N,N,N,Y,N,N,N,Y,Y,0, , , , , , , ,0, ,0, ,0, ,0, ,0, ,0, ,0,0,10/26/2000 10:02:19.000000 PM,PPLSOFT, ,P_8.00.00.00
23683,MLT LG MALADIE2 FRA,MLT LG MALADIE2,AT,Long Term Illness take 2,6,E, ,Y,C,FRA, , ,P,ST,N,N,N,Y,N,N,N,Y,Y,0, , , , , , , ,0, ,0, ,0, ,0, ,0, ,0, ,0,0,10/26/2000 10:05:22.000000 PM,PPLSOFT, ,P_8.00.00.00
40607,CH_AB_U604 CHE,CH_AB_U604,AT,Vacation - childbirth spouse,6,E, ,N,C,CHE, , ,P,ST,N,N,N,Y,N,N,N,Y,Y,0, , , , , ,N,N,0, ,0, ,0, ,0, ,0, ,0, ,0,0,5/14/2001 12:00:00.000000 AM,PPLSOFT, ,P_8.00.00.00
40608,CH_AB_U605 CHE,CH_AB_U605,AT,Vacation - death household,6,E, ,N,C,CHE, , ,P,ST,N,N,N,Y,N,N,N,Y,Y,0, , , , , ,N,N,0, ,0, ,0, ,0, ,0, ,0, ,0,0,5/14/2001 12:00:00.000000 AM,PPLSOFT, ,P_8.00.00.00
40609,CH_AB_U606 CHE,CH_AB_U606,AT,Vacation - death parents/child,6,E, ,N,C,CHE, , ,P,ST,N,N,N,Y,N,N,N,Y,Y,0, , , , , ,N,N,0, ,0, ,0, ,0, ,0, ,0, ,0,0,5/14/2001 12:00:00.000000 AM,PPLSOFT, ,P_8.00.00.00
40610,CH_AB_U607 CHE,CH_AB_U607,AT,Vacation - death relatives,6,E, ,N,C,CHE, , ,P,ST,N,N,N,Y,N,N,N,Y,Y,0, , , , , ,N,N,0, ,0, ,0, ,0, ,0, ,0, ,0,0,5/14/2001 12:00:00.000000 AM,PPLSOFT, ,P_8.00.00.00
40611,CH_AB_U608 CHE,CH_AB_U608,AT,Vacation - removal,6,E, ,N,C,CHE, , ,P,ST,N,N,N,Y,N,N,N,Y,Y,0, , , , , ,N,N,0, ,0, ,0, ,0, ,0, ,0, ,0,0,5/14/2001 12:00:00.000000 AM,PPLSOFT, ,P_8.00.00.00
40612,CH_AB_U609 CHE,CH_AB_U609,AT,Vacation - room change,6,E, ,N,C,CHE, , ,P,ST,N,N,N,Y,N,N,N,Y,Y,0, , , , , ,N,N,0, ,0, ,0, ,0, ,0, ,0, ,0,0,5/14/2001 12:00:00.000000 AM,PPLSOFT, ,P_8.00.00.00
40613,CH_AB_U611 CHE,CH_AB_U611,AT,Treatment,6,E, ,N,C,CHE, , ,P,ST,N,N,N,Y,N,N,N,Y,Y,0, , , , , ,N,N,0, ,0, ,0, ,0, ,0, ,0, ,0,0,5/14/2001 12:00:00.000000 AM,PPLSOFT, ,P_8.00.00.00
40614,CH_AB_U612 CHE,CH_AB_U612,AT,Vacation - Minors,6,E, ,N,C,CHE, , ,P,ST,N,N,N,Y,N,N,N,Y,Y,0, , , , , ,N,N,0, ,0, ,0, ,0, ,0, ,0, ,0,0,5/14/2001 12:00:00.000000 AM,PPLSOFT, ,P_8.00.00.00
40615,CH_AB_U700 CHE,CH_AB_U700,AT,Sabbatical,6,E, ,N,C,CHE, , ,P,ST,N,N,N,Y,N,N,N,Y,Y,0, , , , , ,N,N,0, ,0, ,0, ,0, ,0, ,0, ,0,0,5/14/2001 12:00:00.000000 AM,PPLSOFT, ,P_8.00.00.00
40616,CH_AB_U800 CHE,CH_AB_U800,AT,Military Service WK,6,E, ,N,C,CHE, , ,P,ST,N,N,N,Y,N,N,N,Y,Y,0, , , , , ,N,N,0, ,0, ,0, ,0, ,0, ,0, ,0,0,5/14/2001 12:00:00.000000 AM,PPLSOFT, ,P_8.00.00.00
40617,CH_AB_U810 CHE,CH_AB_U810,AT,Military Service RS,6,E, ,N,C,CHE, , ,P,ST,N,N,N,Y,N,N,N,Y,Y,0, , , , , ,N,N,0, ,0, ,0, ,0, ,0, ,0, ,0,0,5/14/2001 12:00:00.000000 AM,PPLSOFT, ,P_8.00.00.00
40618,CH_AB_U830 CHE,CH_AB_U830,AT,Military Management training,6,E, ,N,C,CHE, , ,P,ST,N,N,N,Y,N,N,N,Y,Y,0, , , , , ,N,N,0, ,0, ,0, ,0, ,0, ,0, ,0,0,5/14/2001 12:00:00.000000 AM,PPLSOFT, ,P_8.00.00.00
40619,CH_AB_U850 CHE,CH_AB_U850,AT,J&S management training,6,E, ,N,C,CHE, , ,P,ST,N,N,N,Y,N,N,N,Y,Y,0, , , , , ,N,N,0, ,0, ,0, ,0, ,0, ,0, ,0,0,5/14/2001 12:00:00.000000 AM,PPLSOFT, ,P_8.00.00.00
40620,CH_AB_U860 CHE,CH_AB_U860,AT,Civilian Service WK,6,E, ,N,C,CHE, , ,P,ST,N,N,N,Y,N,N,N,Y,Y,0, , , , , ,N,N,0, ,0, ,0, ,0, ,0, ,0, ,0,0,5/14/2001 12:00:00.000000 AM,PPLSOFT, ,P_8.00.00.00
40621,CH_AB_U870 CHE,CH_AB_U870,AT,Civilian Service RS,6,E, ,N,C,CHE, , ,P,ST,N,N,N,Y,N,N,N,Y,Y,0, , , , , ,N,N,0, ,0, ,0, ,0, ,0, ,0, ,0,0,5/14/2001 12:00:00.000000 AM,PPLSOFT, ,P_8.00.00.00
40622,CH_AB_U880 CHE,CH_AB_U880,AT,Shooting training Minors,6,E, ,N,C,CHE, , ,P,ST,N,N,N,Y,N,N,N,Y,Y,0, , , , , ,N,N,0, ,0, ,0, ,0, ,0, ,0, ,0,0,5/14/2001 12:00:00.000000 AM,PPLSOFT, ,P_8.00.00.00
40623,CH_AB_U900 CHE,CH_AB_U900,AT,Training internal,6,E, ,N,C,CHE, , ,P,ST,N,N,N,Y,N,N,N,Y,Y,0, , , , , ,N,N,0, ,0, ,0, ,0, ,0, ,0, ,0,0,5/14/2001 12:00:00.000000 AM,PPLSOFT, ,P_8.00.00.00
40624,CH_AB_U910 CHE,CH_AB_U910,AT,Training external,6,E, ,N,C,CHE, , ,P,ST,N,N,N,Y,N,N,N,Y,Y,0, , , , , ,N,N,0, ,0, ,0, ,0, ,0, ,0, ,0,0,5/14/2001 12:00:00.000000 AM,PPLSOFT, ,P_8.00.00.00
40625,CH_AB_U610 CHE,CH_AB_U610,AT,Vacation - Inspection,6,E, ,N,C,CHE, , ,P,ST,N,N,N,Y,N,N,N,Y,Y,0, , , , , ,N,N,0, ,0, ,0, ,0, ,0, ,0, ,0,0,5/14/2001 12:00:00.000000 AM,PPLSOFT, ,P_8.00.00.00
40626,CH_AB_U820 CHE,CH_AB_U820,AT,Military Career,6,E, ,N,C,CHE, , ,P,ST,N,N,N,Y,N,N,N,Y,Y,0, , , , , ,N,N,0, ,0, ,0, ,0, ,0, ,0, ,0,0,5/14/2001 12:00:00.000000 AM,PPLSOFT, ,P_8.00.00.00
40596,CH_AB_U010 CHE,CH_AB_U010,AT,Vacation full day,6,E, ,N,C,CHE, , ,P,ST,N,N,N,Y,N,N,N,Y,Y,0, , , , , ,Y,N,0, ,0, ,0, ,0, ,0, ,0, ,0,0,6/1/2003 12:00:00.000000 AM,PPLSOFT, ,P_8.81.00.00.54521
40597,CH_AB_U090 CHE,CH_AB_U090,AT,Vacation unpaid,6,E, ,N,C,CHE, , ,P,ST,N,N,N,Y,N,N,N,Y,Y,0, , , , , ,N,N,0, ,0, ,0, ,0, ,0, ,0, ,0,0,5/14/2001 12:00:00.000000 AM,PPLSOFT, ,P_8.00.00.00
40602,CH_AB_U500 CHE,CH_AB_U500,AT,Maternity,6,E, ,N,C,CHE, , ,P,ST,N,N,N,Y,N,N,N,Y,Y,0, , , , , ,N,N,0, ,0, ,0, ,0, ,0, ,0, ,0,0,12/1/2002 12:00:00.000000 AM,PPLSOFT, ,P_8.80.00.00
40603,CH_AB_U600 CHE,CH_AB_U600,AT,Vacation Swiss holiday partic.,6,E, ,N,C,CHE, , ,P,ST,N,N,N,Y,N,N,N,Y,Y,0, , , , , ,N,N,0, ,0, ,0, ,0, ,0, ,0, ,0,0,5/14/2001 12:00:00.000000 AM,PPLSOFT, ,P_8.00.00.00
40604,CH_AB_U601 CHE,CH_AB_U601,AT,Vacation Army discharge,6,E, ,N,C,CHE, , ,P,ST,N,N,N,Y,N,N,N,Y,Y,0, , , , , ,N,N,0, ,0, ,0, ,0, ,0, ,0, ,0,0,5/14/2001 12:00:00.000000 AM,PPLSOFT, ,P_8.00.00.00
41642,CH_AB_U510 CHE,CH_AB_U510,AT,Maternity Insurance,6,E, ,Y,C,CHE, , ,P,ST,N,N,N,Y,N,N,N,Y,Y,0, , , , , ,N,N,0, ,0, ,0, ,0, ,0, ,0, ,0,0,12/1/2002 12:00:00.000000 AM,PPLSOFT, ,P_8.80.00.00
40605,CH_AB_U602 CHE,CH_AB_U602,AT,Vacation - Marriage,6,E, ,N,C,CHE, , ,P,ST,N,N,N,Y,N,N,N,Y,Y,0, , , , , ,N,N,0, ,0, ,0, ,0, ,0, ,0, ,0,0,5/14/2001 12:00:00.000000 AM,PPLSOFT, ,P_8.00.00.00
40606,CH_AB_U603 CHE,CH_AB_U603,AT,Vacation - Marriage other,6,E, ,N,C,CHE, , ,P,ST,N,N,N,Y,N,N,N,Y,Y,0, , , , , ,N,N,0, ,0, ,0, ,0, ,0, ,0, ,0,0,5/14/2001 12:00:00.000000 AM,PPLSOFT, ,P_8.00.00.00
40627,CH_AB_U840 CHE,CH_AB_U840,AT,Civilian protection service,6,E, ,N,C,CHE, , ,P,ST,N,N,N,Y,N,N,N,Y,Y,0, , , , , ,N,N,0, ,0, ,0, ,0, ,0, ,0, ,0,0,5/14/2001 12:00:00.000000 AM,PPLSOFT, ,P_8.00.00.00
35834,DE_AB_M111 DEU,DE_AB_M111,AT,Sick unpaid (Start with Hire),6,E, ,N,C,DEU, , ,N,CU,N,N,N,N,N,N,N,Y,N,0, , , , , ,N,N,0, ,0, ,0, ,0, ,0, ,0, ,0,0,12/1/2010 1:49:55.000000 AM,PPLSOFT, ,P_9.10.00.843099
35629,DE_AB_D57 DEU,DE_AB_D57,AT,DEUEV Notification 57,6,E, ,N,C,DEU, , ,P,ST,Y,N,N,Y,N,N,N,Y,N,0, , , , , ,N,N,0, ,0, ,0, ,0, ,0, ,0, ,0,0,2/21/2008 5:38:56.000000 PM,PPLSOFT, ,P_9.00.00.732109
30223,DE_AB_M10 DEU,DE_AB_M10,AT,Lohnfortzahlung,4,E, ,Y,C,DEU, , ,N,CU,N,N,N,N,N,N,N,Y,N,0, , , , , ,N,N,0, ,0, ,0, ,0, ,0, ,0, ,0,0,6/24/2014 10:42:30.995484 PM,PPLSOFT, ,P_9.20.19013970
35960,DE_AB_M79_EB DEU,DE_AB_M79_EB,AT,AAG - Abs Empl Ban Maternity,6,E, ,N,C,DEU, , ,P,ST,N,N,N,N,N,N,N,Y,Y,0, , , , , ,N,N,0, ,0, ,0, ,0, ,0, ,0, ,0,0,6/24/2014 10:42:31.037812 PM,PPLSOFT, ,P_9.20.19013970
40598,CH_AB_U100 CHE,CH_AB_U100,AT,Sickness,6,E, ,N,C,CHE, , ,P,ST,N,N,N,Y,N,N,N,Y,Y,0, , , , , ,Y,N,0, ,0, ,0, ,0, ,0, ,0, ,0,0,6/1/2003 12:00:00.000000 AM,PPLSOFT, ,P_8.81.00.00.54521
40599,CH_AB_U200 CHE,CH_AB_U200,AT,Accident,6,E, ,N,C,CHE, , ,P,ST,N,N,N,Y,N,N,N,Y,Y,0, , , , , ,N,N,0, ,0, ,0, ,0, ,0, ,0, ,0,0,5/14/2001 12:00:00.000000 AM,PPLSOFT, ,P_8.00.00.00
40600,CH_AB_U300 CHE,CH_AB_U300,AT,Sickness with Military Service,6,E, ,N,C,CHE, , ,P,ST,N,N,N,N,N,N,N,Y,Y,0, , , , , ,N,N,0, ,0, ,0, ,0, ,0, ,0, ,0,0,5/14/2001 12:00:00.000000 AM,PPLSOFT, ,P_8.00.00.00
40601,CH_AB_U400 CHE,CH_AB_U400,AT,Accident w. Military Service,6,E, ,N,C,CHE, , ,P,ST,N,N,N,Y,N,N,N,Y,Y,0, , , , , ,N,N,0, ,0, ,0, ,0, ,0, ,0, ,0,0,5/14/2001 12:00:00.000000 AM,PPLSOFT, ,P_8.00.00.00
35681,DE_AB_M80 DEU,DE_AB_M80,AT,Unpaid due to Nursing Care,6,E, ,N,C,DEU, , ,N,CU,N,N,N,N,N,N,N,Y,Y,0, , , , , ,N,N,0, ,0, ,0, ,0, ,0, ,0, ,0,0,10/22/2008 4:50:42.000000 PM,PPLSOFT, ,P_9.00.00.734686
35617,DE_AB_M35 DEU,DE_AB_M35,AT,Rejection / Disability Pension,4,E, ,N,C,DEU, , ,N,CU,N,N,N,N,N,N,N,Y,N,0, , , , , ,N,N,0, ,0, ,0, ,0, ,0, ,0, ,0,0,4/4/2008 10:23:42.000000 AM,PPLSOFT, ,P_9.00.00.733686
35623,DE_AB_M101 DEU,DE_AB_M101,AT,Sick (incl. Spplmntry Sck Py ),6,E, ,N,C,DEU, , ,N,CU,N,N,N,N,N,N,N,Y,N,0, , , , , ,N,N,0, ,0, ,0, ,0, ,0, ,0, ,0,0,2/21/2008 8:22:56.000000 PM,PPLSOFT, ,P_9.00.00.732109
53882,AT/EP PRORROGADA ESP,AT/EP PRORROGADA,AT,Extended Work Related Injuries,6,E, ,N,C,ESP, , ,N,CU,Y,N,N,Y,N,N,N,Y,N,0, , , , , ,N,N,0, ,0, ,0, ,0, ,0, ,0, ,0,0,4/21/2008 6:46:38.000000 PM,PPLSOFT, ,P_9.00.00.733686
53580,PATERNIDAD PARCIAL ESP,PATERNIDAD PARCIAL,AT,Partial paternity,6,E, ,N,C,ESP, , ,N,CU,N,N,N,N,N,N,N,Y,N,0, , , , , ,N,N,0, ,0, ,0, ,0, ,0, ,0, ,0,0,7/3/2007 4:25:28.000000 PM,PPLSOFT, ,P_9.00.00.689726
54548,ERE DSMPL TOTAL ESP,ERE DSMPL TOTAL,AT,ERE with Total Unemployment,6,E, ,N,C,ESP, , ,N,CU,N,N,N,Y,N,N,N,Y,N,0, , , , , ,N,N,0, ,0, ,0, ,0, ,0, ,0, ,0,0,7/14/2011 8:57:36.968676 AM,PPLSOFT, ,P_9.10.00.845477
54549,ERE DSMPL PARCIAL ESP,ERE DSMPL PARCIAL,AT,ERE with Partial Unemployment,6,E, ,N,C,ESP, , ,N,CU,N,N,N,Y,N,N,N,Y,N,0, , , , , ,N,N,0, ,0, ,0, ,0, ,0, ,0, ,0,0,7/14/2011 8:57:36.969475 AM,PPLSOFT, ,P_9.10.00.845477
53627,REVERSAL TAKE ESP,REVERSAL TAKE,AT,Dummy elm to stop reversal,6,E, ,N,C,ESP, , ,N,CU,N,N,N,N,N,N,N,N,N,0, , , , , ,N,N,0, ,0, ,0, ,0, ,0, ,0, ,0,0,7/3/2007 4:25:28.000000 PM,PPLSOFT, ,P_9.00.00.689726
53730,IT PRORROGADA ESP,IT PRORROGADA,AT,Extended temporal disability,6,E, ,N,C,ESP, , ,N,CU,Y,N,N,Y,N,N,N,Y,N,0, , , , , ,N,N,0, ,0, ,0, ,0, ,0, ,0, ,0,0,1/3/2008 4:17:47.000000 PM,PPLSOFT, ,P_9.00.00.732109
53551,PATERNIDAD ESP,PATERNIDAD,AT,Paternity take,6,E, ,N,C,ESP, , ,N,CU,N,N,N,Y,N,N,N,Y,N,0, , , , , ,N,N,0, ,0, ,0, ,0, ,0, ,0, ,0,0,7/3/2007 4:25:28.000000 PM,PPLSOFT, ,P_9.00.00.689726
53552,RIESGO LACTANCIA ESP,RIESGO LACTANCIA,AT,Risk during lactancy,6,E, ,N,C,ESP, , ,N,CU,N,N,N,N,N,N,N,Y,N,0, , , , , ,N,N,0, ,0, ,0, ,0, ,0, ,0, ,0,0,7/3/2007 4:25:28.000000 PM,PPLSOFT, ,P_9.00.00.689726
50369,VACACIONES ESP,VACACIONES,AT,Vacations take,6,E, ,N,C,ESP, , ,N,CU,Y,N,N,Y,N,N,N,Y,N,0, , , , , ,N,N,0, ,0, ,0, ,0, ,0, ,0, ,0,0,7/1/2001 12:00:00.000000 AM,PPLSOFT, ,P_8.30.00.00
51486,PARIENTES ESP,PARIENTES,AT,Relative's death or accident,6,E, ,N,C,ESP, , ,N,CU,N,N,N,N,N,N,N,Y,N,0, , , , , ,N,N,0, ,0, ,0, ,0, ,0, ,0, ,0,0,7/1/2001 12:00:00.000000 AM,PPLSOFT, ,P_8.30.00.00
51487,TRASLADO ESP,TRASLADO,AT,Relocation,6,E, ,N,C,ESP, , ,N,CU,N,N,N,N,N,N,N,Y,N,0, , , , , ,N,N,0, ,0, ,0, ,0, ,0, ,0, ,0,0,7/1/2001 12:00:00.000000 AM,PPLSOFT, ,P_8.30.00.00
51488,CRGO PBLICO OBLIG ESP,CRGO PBLICO OBLIG,AT,Hold public office obligatory,6,E, ,N,C,ESP, , ,N,CU,N,N,N,N,N,N,N,Y,N,0, , , , , ,N,N,0, ,0, ,0, ,0, ,0, ,0, ,0,0,7/1/2001 12:00:00.000000 AM,PPLSOFT, ,P_8.30.00.00
54487,CUIDADO MENOR ESP,CUIDADO MENOR,AT,Care of minor -Serious illness,6,E, ,N,C,ESP, , ,N,CU,N,N,N,Y,N,N,N,Y,N,0, , , , , ,N,N,0, ,0, ,0, ,0, ,0, ,0, ,0,0,7/2/2012 9:19:48.011249 AM,PPLSOFT, ,P_9.10.00.881414
50884,PERM NO PAGADO HRS ESP,PERM NO PAGADO HRS,AT,Unpaid time off by hours,6,E, ,N,C,ESP, , ,N,CU,N,N,N,Y,N,N,N,Y,N,0, , , , , ,N,N,0, ,0, ,0, ,0, ,0, ,0, ,0,0,7/1/2001 12:00:00.000000 AM,PPLSOFT, ,P_8.30.00.00
52361,MATERNIDAD PARCIAL ESP,MATERNIDAD PARCIAL,AT,Partial maternity,6,E, ,N,C,ESP, , ,N,CU,N,N,N,N,N,N,N,Y,N,0, , , , , ,N,N,0, ,0, ,0, ,0, ,0, ,0, ,0,0,10/14/2003 12:00:00.000000 AM,PPLSOFT, ,P_8.80.00.00.39809
50613,EXCEDENCIA VOLUNTR ESP,EXCEDENCIA VOLUNTR,AT,Voluntary extend Leave Absence,6,E, ,N,C,ESP, , ,N,CU,N,N,N,N,N,N,N,Y,N,0, , , , , ,N,N,0, ,0, ,0, ,0, ,0, ,0, ,0,0,7/1/2001 12:00:00.000000 AM,PPLSOFT, ,P_8.30.00.00
50658,MATERNIDAD ESP,MATERNIDAD,AT,Maternity take,6,E, ,N,C,ESP, , ,N,CU,N,N,N,Y,N,N,N,Y,N,0, , , , , ,N,N,0, ,0, ,0, ,0, ,0, ,0, ,0,0,11/1/2001 12:00:00.000000 AM,PPLSOFT, ,P_8.30.00.00
50659,IT ESP,IT,AT,Temporary Disability,6,E, ,N,C,ESP, , ,N,CU,Y,N,N,Y,N,N,N,Y,N,0, , , , , ,N,N,0, ,0, ,0, ,0, ,0, ,0, ,0,0,10/17/2005 10:24:13.000000 AM,PPLSOFT, ,P_8.90.01.636278
50666,HUELGA POR DIAS ESP,HUELGA POR DIAS,AT,Strike (by day),6,E, ,N,C,ESP, , ,N,CU,Y,N,N,Y,N,N,N,Y,N,0, , , , , ,N,N,0, ,0, ,0, ,0, ,0, ,0, ,0,0,7/1/2001 12:00:00.000000 AM,PPLSOFT, ,P_8.30.00.00
50667,GUARDA LEGAL ESP,GUARDA LEGAL,AT,Legal Custody,6,E, ,N,C,ESP, , ,N,CU,N,N,N,Y,N,N,N,Y,N,0, , , , , ,N,N,0, ,0, ,0, ,0, ,0, ,0, ,0,0,7/2/2012 9:19:48.010430 AM,PPLSOFT, ,P_9.10.00.881414
50668,JORNADA REDUCIDA ESP,JORNADA REDUCIDA,AT,Schedule Redctn Persnl Interst,6,E, ,N,C,ESP, , ,N,CU,N,N,N,N,N,N,N,Y,N,0, , , , , ,N,N,0, ,0, ,0, ,0, ,0, ,0, ,0,0,7/1/2001 12:00:00.000000 AM,PPLSOFT, ,P_8.30.00.00
50670,PERMISO NO PAGADO ESP,PERMISO NO PAGADO,AT,Leave Own Matters Unpaid,6,E, ,N,C,ESP, , ,N,CU,N,N,N,N,N,N,N,Y,N,0, , , , , ,N,N,0, ,0, ,0, ,0, ,0, ,0, ,0,0,7/1/2001 12:00:00.000000 AM,PPLSOFT, ,P_8.30.00.00
51475,CRGO PBLICO RPRSTV ESP,CRGO PBLICO RPRSTV,AT,Holding Public Office,6,E, ,N,C,ESP, , ,N,CU,N,N,N,N,N,N,N,Y,N,0, , , , , ,N,N,0, ,0, ,0, ,0, ,0, ,0, ,0,0,7/1/2001 12:00:00.000000 AM,PPLSOFT, ,P_8.30.00.00
51476,PERMISO DEBER ESP,PERMISO DEBER,AT,Leave for public/personal duty,6,E, ,N,C,ESP, , ,N,CU,N,N,N,N,N,N,N,Y,N,0, , , , , ,N,N,0, ,0, ,0, ,0, ,0, ,0, ,0,0,7/1/2001 12:00:00.000000 AM,PPLSOFT, ,P_8.30.00.00
51477,LIBERACION SINDCAL ESP,LIBERACION SINDCAL,AT,Leave for union activities,6,E, ,N,C,ESP, , ,N,CU,N,N,N,N,N,N,N,Y,N,0, , , , , ,N,N,0, ,0, ,0, ,0, ,0, ,0, ,0,0,7/1/2001 12:00:00.000000 AM,PPLSOFT, ,P_8.30.00.00
50671,SUSPENSION ESP,SUSPENSION,AT,Suspension w/o pay and work,6,E, ,N,C,ESP, , ,N,CU,N,N,N,N,N,N,N,Y,N,0, , , , , ,N,N,0, ,0, ,0, ,0, ,0, ,0, ,0,0,7/1/2001 12:00:00.000000 AM,PPLSOFT, ,P_8.30.00.00
50672,CIERRE PATRONAL ESP,CIERRE PATRONAL,AT,Legal Lock Out,6,E, ,N,C,ESP, , ,N,CU,Y,N,N,Y,N,N,N,Y,N,0, , , , , ,N,N,0, ,0, ,0, ,0, ,0, ,0, ,0,0,7/1/2001 12:00:00.000000 AM,PPLSOFT, ,P_8.30.00.00
50673,AUSENCIA EDUCACION ESP,AUSENCIA EDUCACION,AT,Absence for Education,6,E, ,N,C,ESP, , ,N,CU,N,N,N,N,N,N,N,Y,N,0, , , , , ,N,N,0, ,0, ,0, ,0, ,0, ,0, ,0,0,7/1/2001 12:00:00.000000 AM,PPLSOFT, ,P_8.30.00.00
50674,PERMISO EDUCACION ESP,PERMISO EDUCACION,AT,Permission for Education,6,E, ,N,C,ESP, , ,N,CU,Y,N,N,Y,N,N,N,Y,N,0, , , , , ,N,N,0, ,0, ,0, ,0, ,0, ,0, ,0,0,7/1/2001 12:00:00.000000 AM,PPLSOFT, ,P_8.30.00.00
50675,EXCEDENCIA FORZOSA ESP,EXCEDENCIA FORZOSA,AT,Forced Extnd Leave of Absence,6,E, ,N,C,ESP, , ,N,CU,Y,N,N,Y,N,N,N,Y,N,0, , , , , ,N,N,0, ,0, ,0, ,0, ,0, ,0, ,0,0,7/1/2001 12:00:00.000000 AM,PPLSOFT, ,P_8.30.00.00
50676,PRIVACION LIBERTAD ESP,PRIVACION LIBERTAD,AT,Freedom Privation,6,E, ,N,C,ESP, , ,N,CU,Y,N,N,Y,N,N,N,Y,N,0, , , , , ,N,N,0, ,0, ,0, ,0, ,0, ,0, ,0,0,7/1/2001 12:00:00.000000 AM,PPLSOFT, ,P_8.30.00.00
50677,FZA MAYOR TEMPORAL ESP,FZA MAYOR TEMPORAL,AT,Temporal Force Majeure,6,E, ,N,C,ESP, , ,N,CU,Y,N,N,Y,N,N,N,Y,N,0, , , , , ,N,N,0, ,0, ,0, ,0, ,0, ,0, ,0,0,7/1/2001 12:00:00.000000 AM,PPLSOFT, ,P_8.30.00.00
50678,RAZON TECNC/ECONMC ESP,RAZON TECNC/ECONMC,AT,Economic or Technical Reason,6,E, ,N,C,ESP, , ,N,CU,N,N,N,N,N,N,N,Y,N,0, , , , , ,N,N,0, ,0, ,0, ,0, ,0, ,0, ,0,0,7/1/2001 12:00:00.000000 AM,PPLSOFT, ,P_8.30.00.00
50679,RIESGO EMBARAZO ESP,RIESGO EMBARAZO,AT,Risk during Pregnancy,6,E, ,N,C,ESP, , ,N,CU,N,N,N,N,N,N,N,Y,N,0, , , , , ,N,N,0, ,0, ,0, ,0, ,0, ,0, ,0,0,11/1/2001 12:00:00.000000 AM,PPLSOFT, ,P_8.30.00.00
50687,AT/EP ESP,AT/EP,AT,Work Related Injuries,6,E, ,N,C,ESP, , ,N,CU,Y,N,N,Y,N,N,N,Y,N,0, , , , , ,N,N,0, ,0, ,0, ,0, ,0, ,0, ,0,0,11/1/2001 12:00:00.000000 AM,PPLSOFT, ,P_8.30.00.00
50724,HUELGA POR HORAS ESP,HUELGA POR HORAS,AT,Strike (by hours),6,E, ,N,C,ESP, , ,N,CU,Y,N,N,Y,N,N,N,Y,N,0, , , , , ,N,N,0, ,0, ,0, ,0, ,0, ,0, ,0,0,7/1/2001 12:00:00.000000 AM,PPLSOFT, ,P_8.30.00.00
51478,CURSOS PRENATALES ESP,CURSOS PRENATALES,AT,Leave for prenatal classes,6,E, ,N,C,ESP, , ,N,CU,N,N,N,N,N,N,N,Y,N,0, , , , , ,N,N,0, ,0, ,0, ,0, ,0, ,0, ,0,0,7/1/2001 12:00:00.000000 AM,PPLSOFT, ,P_8.30.00.00
51479,LACTANCIA ESP,LACTANCIA,AT,Leave for lactation,6,E, ,N,C,ESP, , ,N,CU,N,N,N,N,N,N,N,Y,N,0, , , , , ,N,N,0, ,0, ,0, ,0, ,0, ,0, ,0,0,7/1/2001 12:00:00.000000 AM,PPLSOFT, ,P_8.30.00.00
51480,FORMACION ESP,FORMACION,AT,Leave for training,6,E, ,N,C,ESP, , ,N,CU,N,N,N,N,N,N,N,Y,N,0, , , , , ,N,N,0, ,0, ,0, ,0, ,0, ,0, ,0,0,7/1/2001 12:00:00.000000 AM,PPLSOFT, ,P_8.30.00.00
51481,EXAMENES ESP,EXAMENES,AT,Leave for exams,6,E, ,N,C,ESP, , ,N,CU,N,N,N,N,N,N,N,Y,N,0, , , , , ,N,N,0, ,0, ,0, ,0, ,0, ,0, ,0,0,7/1/2001 12:00:00.000000 AM,PPLSOFT, ,P_8.30.00.00
51482,MATRIMONIO ESP,MATRIMONIO,AT,Leave for marriage,6,E, ,N,C,ESP, , ,N,CU,N,N,N,N,N,N,N,Y,N,0, , , , , ,N,N,0, ,0, ,0, ,0, ,0, ,0, ,0,0,7/1/2001 12:00:00.000000 AM,PPLSOFT, ,P_8.30.00.00
51484,NACIMIENTO HIJO ESP,NACIMIENTO HIJO,AT,Birth of son,6,E, ,N,C,ESP, , ,N,CU,N,N,N,N,N,N,N,Y,N,0, , , , , ,N,N,0, ,0, ,0, ,0, ,0, ,0, ,0,0,7/1/2001 12:00:00.000000 AM,PPLSOFT, ,P_8.30.00.00
70390,INC RIESGO TR MEX,INC RIESGO TR,AT,Work Risk Leave,6,E, ,N,C,MEX, , ,N,SM,N,N,N,N,N,N,N,Y,N,0, , , , , ,N,N,0, ,0, ,0, ,0, ,0, ,0, ,0,0,11/30/2004 12:00:00.000000 AM,PPLSOFT, ,P_8.90.00.00
221982,LICENCA PATERN BRA,LICENCA PATERN,AT,Paternity Leave,6,E, ,N,C,BRA,PAL, ,N,SM,N,N,N,Y,N,N,N,Y,Y,0, , , , , ,N,N,0, ,0, ,0, ,0, ,0, ,0, ,0,0,10/10/2006 4:34:17.000000 PM,PPLSOFT, ,P_9.00.00
70361,INC MATERN MEX,INC MATERN,AT,Maternity Leave,6,E, ,N,C,MEX, , ,N,SM,N,N,N,N,N,N,N,Y,N,0, , , , , ,N,N,0, ,0, ,0, ,0, ,0, ,0, ,0,0,11/30/2004 12:00:00.000000 AM,PPLSOFT, ,P_8.90.00.00
72325,PERM PATERN MEX,PERM PATERN,AT,Paternity Leave,6,E, ,N,C,MEX, , ,N,SM,N,N,N,N,N,N,N,Y,N,0, , , , , ,N,N,0, ,0, ,0, ,0, ,0, ,0, ,0,0,4/30/2018 5:06:07.583830 PM,PPLSOFT, ,P_9.20.27848879
222533,HORAS JUSTIF BRA,HORAS JUSTIF,AT,Paid hourly absence,6,E, ,N,C,BRA, , ,N,SM,N,N,N,Y,N,N,N,Y,N,0, , , , , ,N,N,0, ,0, ,0, ,0, ,0, ,0, ,0,0,3/22/2010 11:56:23.000000 AM,PPLSOFT, ,P_9.10.00.814311
70572,PERM CON GOCE MEX,PERM CON GOCE,AT,Paid Permitted Absence,6,E, ,Y,C,MEX, , ,N,SM,N,N,N,N,N,N,N,Y,N,0, , , , , ,N,N,0, ,0, ,0, ,0, ,0, ,0, ,0,0,12/1/2002 12:00:00.000000 AM,PPLSOFT, ,P_8.80.00.00
50669,PERMISOS PAGADOS ESP,PERMISOS PAGADOS,AT,PTO,6,E, ,Y,C,ESP, , ,N,CU,Y,N,N,Y,N,N,N,Y,N,0, , , , , ,N,N,0, ,0, ,0, ,0, ,0, ,0, ,0,0,5/14/2015 3:42:29.648576 AM,PPLSOFT, ,P_9.20.20939504
70573,PERM SIN GOCE MEX,PERM SIN GOCE,AT,Unpaid Permitted Absence,6,E, ,Y,C,MEX, , ,N,SM,N,N,N,N,N,N,N,Y,N,0, , , , , ,N,N,0, ,0, ,0, ,0, ,0, ,0, ,0,0,12/1/2002 12:00:00.000000 AM,PPLSOFT, ,P_8.80.00.00
70412,INC ENF GENERA MEX,INC ENF GENERA,AT,General Sickness,6,E, ,N,C,MEX, , ,N,SM,N,N,N,N,N,N,N,Y,N,0, , , , , ,N,N,0, ,0, ,0, ,0, ,0, ,0, ,0,0,11/30/2004 12:00:00.000000 AM,PPLSOFT, ,P_8.90.00.00
72373,PER ENF CAN MEX,PER ENF CAN,AT,Care Leave for child w/Cancer,6,E, ,N,C,MEX, , ,N,SM,N,N,N,N,N,N,N,Y,Y,0, , , , , ,N,N,0, ,0, ,0, ,0, ,0, ,0, ,0,0,6/19/2019 4:57:22.910142 PM,PPLSOFT, ,P_9.20.29901343
72363,PERM PER DES MEX,PERM PER DES,AT,Missing Empl Leave,6,E, ,Y,C,MEX, , ,N,SM,N,N,N,N,N,N,N,Y,Y,0, , , , , ,N,N,0, ,0, ,0, ,0, ,0, ,0, ,0,0,5/31/2019 9:36:46.959630 AM,PPLSOFT, ,P_9.20.28388935
70979,FALTA MEX,FALTA,AT,General Absence,6,E, ,N,C,MEX, , ,N,SM,N,N,N,N,N,N,N,Y,N,0, , , , , ,N,N,0, ,0, ,0, ,0, ,0, ,0, ,0,0,11/30/2004 12:00:00.000000 AM,PPLSOFT, ,P_8.90.00.00
70549,RETARDO EN HORAS MEX,RETARDO EN HORAS,AT,Tardiness - Hours,6,E, ,Y,C,MEX, , ,N,SM,N,N,N,N,N,N,N,Y,N,0, , , , , ,N,N,0, ,0, ,0, ,0, ,0, ,0, ,0,0,12/1/2002 12:00:00.000000 AM,PPLSOFT, ,P_8.80.00.00
55103,INACTIVIDAD ESP,INACTIVIDAD,AT,Inactivity period,6,E, ,Y,C,ESP, , ,N,CU,N,N,N,N,N,N,N,Y,N,0, , , , , ,N,N,0, ,0, ,0, ,0, ,0, ,0, ,0,0,9/18/2018 4:41:27.690219 AM,PPLSOFT, ,P_9.20.28484821
70131,VAC DISFRUTE MEX,VAC DISFRUTE,AT,Vacations Take,6,E, ,N,C,MEX, , ,N,SM,N,N,N,N,N,N,N,Y,N,0, , , , , ,Y,Y,0, ,0, ,0, ,0, ,0, ,0, ,0,0,11/1/2001 12:00:00.000000 AM,PPLSOFT, ,P_8.30.00.00
54369,PERM N PGDO NO BM ESP,PERM N PGDO NO BM,AT,Leave Unpaid (not min base),6,E, ,N,C,ESP, , ,N,CU,N,N,N,N,N,N,N,Y,N,0, , , , , ,N,N,0, ,0, ,0, ,0, ,0, ,0, ,0,0,8/7/2013 2:31:29.515344 AM,PPLSOFT, ,P_9.20.16559929
70404,INC TRAYECTO MEX,INC TRAYECTO,AT,In Transit Work Risk Leave,6,E, ,N,C,MEX, , ,N,SM,N,N,N,N,N,N,N,Y,N,0, , , , , ,N,N,0, ,0, ,0, ,0, ,0, ,0, ,0,0,11/30/2004 12:00:00.000000 AM,PPLSOFT, ,P_8.90.00.00
70010,INC ENF TR MEX,INC ENF TR,AT,Work Related Illness Leave,6,E, ,N,C,MEX, , ,N,SM,N,N,N,N,N,N,N,Y,N,0, , , , , ,N,N,0, ,0, ,0, ,0, ,0, ,0, ,0,0,12/1/2002 12:00:00.000000 AM,PPLSOFT, ,P_8.80.00.00
222883,FERIAS CAN BRA,FERIAS CAN,AT,Cancel Vacations,6,E, ,N,C,BRA, , ,N,SM,N,N,N,N,N,N,N,Y,Y,0, , , , , ,N,N,0, ,0, ,0, ,0, ,0, ,0, ,0,0,8/17/2014 11:21:17.458809 PM,PPLSOFT, ,P_9.20.18088037
81174,ANN TKEHRS AUS,ANN TKEHRS,AT,Annual Lve Take Hours Entitle,6,E, ,N,C,AUS, , ,N,CU,Y,N,N,Y,N,N,N,Y,N,0, , , , , ,Y,N,0, ,0, ,0, ,0, ,0, ,0, ,0,0,12/1/2002 12:00:00.000000 AM,PPLSOFT, ,P_8.80.00.00
81175,ANN TKEDYS AUS,ANN TKEDYS,AT,Annual Leave Take Days Entitle,6,E, ,N,C,AUS, , ,N,CU,Y,N,N,Y,N,N,N,Y,N,0, , , , , ,Y,N,0, ,0, ,0, ,0, ,0, ,0, ,0,0,12/1/2002 12:00:00.000000 AM,PPLSOFT, ,P_8.80.00.00
81176,ANN TKEHPH AUS,ANN TKEHPH,AT,Ann Lve Take HoursPerHour Ent,6,E, ,N,C,AUS, , ,N,CU,Y,N,N,Y,N,N,N,Y,N,0, , , , , ,Y,N,0, ,0, ,0, ,0, ,0, ,0, ,0,0,12/1/2002 12:00:00.000000 AM,PPLSOFT, ,P_8.80.00.00
81177,LSL TKEWKF AUS,LSL TKEWKF,AT,LSL Take Federal Entitlement,6,E, ,N,C,AUS, , ,N,CU,Y,N,N,Y,N,N,N,Y,N,0, , , , , ,Y,N,0, ,0, ,0, ,0, ,0, ,0, ,0,0,12/1/2002 12:00:00.000000 AM,PPLSOFT, ,P_8.80.00.00
81178,LSL TKEWKO AUS,LSL TKEWKO,AT,LSL Take Other(State) Entitlmt,6,E, ,N,C,AUS, , ,N,CU,Y,N,N,Y,N,N,N,Y,N,0, , , , , ,Y,N,0, ,0, ,0, ,0, ,0, ,0, ,0,0,12/1/2002 12:00:00.000000 AM,PPLSOFT, ,P_8.80.00.00
81179,SCK TKEDYS V AUS,SCK TKEDYS V,AT,Sick Lve Take Variable Days,6,E, ,N,C,AUS, , ,N,CU,Y,N,N,Y,N,N,N,Y,N,0, , , , , ,Y,N,0, ,0, ,0, ,0, ,0, ,0, ,0,0,12/1/2002 12:00:00.000000 AM,PPLSOFT, ,P_8.80.00.00
81180,SCK TKEDYS F AUS,SCK TKEDYS F,AT,Sick Lve Take Fixed Days,6,E, ,N,C,AUS, , ,N,CU,Y,N,N,Y,N,N,N,Y,N,0, , , , , ,Y,N,0, ,0, ,0, ,0, ,0, ,0, ,0,0,12/1/2002 12:00:00.000000 AM,PPLSOFT, ,P_8.80.00.00
81181,SCK TKEHRS AUS,SCK TKEHRS,AT,Sick Leave Take Hours Entitlmt,6,E, ,N,C,AUS, , ,N,CU,Y,N,N,Y,N,N,N,Y,N,0, , , , , ,Y,N,0, ,0, ,0, ,0, ,0, ,0, ,0,0,12/1/2002 12:00:00.000000 AM,PPLSOFT, ,P_8.80.00.00
81182,WCOMP TKE AUS,WCOMP TKE,AT,Workers' Compensation Take,6,E, ,N,C,AUS, , ,N,CU,Y,N,N,Y,N,N,N,Y,N,0, , , , , ,N,N,0, ,0, ,0, ,0, ,0, ,0, ,0,0,12/1/2002 12:00:00.000000 AM,PPLSOFT, ,P_8.80.00.00
81183,LWOP TKE AUS,LWOP TKE,AT,Leave Without Pay Take,6,E, ,N,C,AUS, , ,N,CU,Y,N,N,Y,N,N,N,Y,N,0, , , , , ,N,N,0, ,0, ,0, ,0, ,0, ,0, ,0,0,12/1/2002 12:00:00.000000 AM,PPLSOFT, ,P_8.80.00.00
81184,MATERNITY TKE AUS,MATERNITY TKE,AT,Maternity Leave Take,6,E, ,N,C,AUS, , ,N,CU,Y,N,N,Y,N,N,N,Y,N,0, , , , , ,Y,N,0, ,0, ,0, ,0, ,0, ,0, ,0,0,12/1/2002 12:00:00.000000 AM,PPLSOFT, ,P_8.80.00.00
81185,JURY SERVICE TKE AUS,JURY SERVICE TKE,AT,Jury Service Leave Take,6,E, ,N,C,AUS, , ,N,CU,Y,N,N,Y,N,N,N,Y,N,0, , , , , ,N,N,0, ,0, ,0, ,0, ,0, ,0, ,0,0,12/1/2002 12:00:00.000000 AM,PPLSOFT, ,P_8.80.00.00
81489,PSH LSLTKEFT AUS,PSH LSLTKEFT,AT,LSL Full Time Months Take,6,E, ,N,C,AUS, , ,N,CU,Y,N,N,Y,N,N,N,Y,N,0, , , , , ,Y,N,0, ,0, ,0, ,0, ,0, ,0, ,0,0,12/1/2002 12:00:00.000000 AM,PPLSOFT, ,P_8.80.00.00
81490,PSH LSLTKEPT AUS,PSH LSLTKEPT,AT,LSL Part Time Months Take,6,E, ,N,C,AUS, , ,N,CU,Y,N,N,Y,N,N,N,Y,N,0, , , , , ,Y,N,0, ,0, ,0, ,0, ,0, ,0, ,0,0,12/1/2002 12:00:00.000000 AM,PPLSOFT, ,P_8.80.00.00
220434,MANDATO SINDICAL BRA,MANDATO SINDICAL,AT,Union Absence,6,E, ,N,C,BRA, , ,N,SM,N,N,N,Y,N,N,N,Y,N,0, , , , , ,N,N,0, ,0, ,0, ,0, ,0, ,0, ,0,0,12/1/2002 12:00:00.000000 AM,PPLSOFT, ,P_8.80.00.00
220435,SERVICO MILITAR BRA,SERVICO MILITAR,AT,Military Service,6,E, ,N,C,BRA, , ,N,SM,N,N,N,Y,N,N,N,Y,N,0, , , , , ,N,N,0, ,0, ,0, ,0, ,0, ,0, ,0,0,4/4/2006 12:42:20.000000 PM,PPLSOFT, ,P_9.00.00
220436,LICENCA REMUNERADA BRA,LICENCA REMUNERADA,AT,Paid License,6,E, ,N,C,BRA, , ,N,SM,N,N,N,Y,N,N,N,Y,N,0, , , , , ,N,N,0, ,0, ,0, ,0, ,0, ,0, ,0,0,3/22/2010 11:56:22.000000 AM,PPLSOFT, ,P_9.10.00.814311
220437,LICENCA NAO REM BRA,LICENCA NAO REM,AT,Unpaid Leave,6,E, ,N,C,BRA, , ,N,SM,N,N,N,Y,N,N,N,Y,N,0, , , , , ,N,N,0, ,0, ,0, ,0, ,0, ,0, ,0,0,4/4/2006 12:42:20.000000 PM,PPLSOFT, ,P_9.00.00
223010,RECESSO ESTAGIARIO BRA,RECESSO ESTAGIARIO,AT,RECESSO ESTAGIARIO,6,E, ,N,C,BRA, , ,N,SM,N,N,N,Y,N,N,N,Y,N,0, , , , , ,N,N,0, ,0, ,0, ,0, ,0, ,0, ,0,0,5/4/2015 12:33:00.302881 PM,PPLSOFT, ,P_9.20.20712453
220519,SAIDA FERIAS BRA,SAIDA FERIAS,AT,Vacation Take,6,E, ,N,C,BRA, , ,N,SM,N,N,N,N,N,N,N,Y,N,0, , , , , ,N,N,0, ,0, ,0, ,0, ,0, ,0, ,0,0,11/30/2004 12:00:00.000000 AM,PPLSOFT, ,P_8.90.00.00
221768,LICENCA ADOCAO FIL BRA,LICENCA ADOCAO FIL,AT,Foster Daughter / Son,6,E, ,N,C,BRA,LMF, ,N,SM,N,N,N,Y,N,N,N,Y,Y,0, , , , , ,N,N,0, ,0, ,0, ,0, ,0, ,0, ,0,0,4/4/2006 12:42:21.000000 PM,PPLSOFT, ,P_9.00.00
220717,FERIAS ABONO BRA,FERIAS ABONO,AT,Paid Vacations,6,E, ,N,C,BRA, , ,N,SM,N,N,N,N,N,N,N,Y,N,0, , , , , ,N,N,0, ,0, ,0, ,0, ,0, ,0, ,0,0,11/30/2004 12:00:00.000000 AM,PPLSOFT, ,P_8.90.00.00
220080,FALTAS INJUST BRA,FALTAS INJUST,AT,General Absence,6,E, ,N,C,BRA, , ,N,SM,N,N,N,Y,N,N,N,Y,N,0, , , , , ,N,N,0, ,0, ,0, ,0, ,0, ,0, ,0,0,3/22/2010 11:56:22.000000 AM,PPLSOFT, ,P_9.10.00.814311
220507,1/2 FALTAS INJUST BRA,1/2 FALTAS INJUST,AT,Half Unpaid Absences,6,E, ,N,C,BRA, , ,N,SM,N,N,N,Y,N,N,N,Y,N,0, , , , , ,N,N,0, ,0, ,0, ,0, ,0, ,0, ,0,0,12/1/2002 12:00:00.000000 AM,PPLSOFT, ,P_8.80.00.00
220244,LICENCA MATERNIDAD BRA,LICENCA MATERNIDAD,AT,Maternity Leave,6,E, ,N,C,BRA,LIM, ,N,SM,N,N,N,Y,N,N,N,Y,N,0, , , , , ,N,N,0, ,0, ,0, ,0, ,0, ,0, ,0,0,4/4/2006 12:42:20.000000 PM,PPLSOFT, ,P_9.00.00
220245,AFAST POR DOENCA BRA,AFAST POR DOENCA,AT,Sick Leave,6,E, ,N,C,BRA, , ,N,SM,N,N,N,Y,N,N,N,Y,N,0, , , , , ,N,N,0, ,0, ,0, ,0, ,0, ,0, ,0,0,4/4/2006 12:42:20.000000 PM,PPLSOFT, ,P_9.00.00
220246,FALTAS JUSTIFICADA BRA,FALTAS JUSTIFICADA,AT,Paid Absences,6,E, ,N,C,BRA, , ,N,SM,N,N,N,Y,N,N,N,Y,N,0, , , , , ,N,N,0, ,0, ,0, ,0, ,0, ,0, ,0,0,3/22/2010 11:56:22.000000 AM,PPLSOFT, ,P_9.10.00.814311
220250,AFAST ACCIDENTE BRA,AFAST ACCIDENTE,AT,Accident Leave,6,E, ,N,C,BRA, , ,N,SM,N,N,N,Y,N,N,N,Y,N,0, , , , , ,N,N,0, ,0, ,0, ,0, ,0, ,0, ,0,0,12/1/2002 12:00:00.000000 AM,PPLSOFT, ,P_8.80.00.00
130878,LWOP TKE NZL,LWOP TKE,AT,Leave Without Pay Take,6,E, ,Y,C,NZL, , ,N,CU,Y,N,N,Y,N,N,N,Y,N,0, , , , , ,N,N,0, ,0, ,0, ,0, ,0, ,0, ,0,0,12/1/2002 12:00:00.000000 AM,PPLSOFT, ,P_8.80.00.00
130881,JURY SERVICE NZL,JURY SERVICE,AT,Jury Service,6,E, ,Y,C,NZL, , ,N,CU,Y,N,N,Y,N,N,N,Y,N,0, , , , , ,N,N,0, ,0, ,0, ,0, ,0, ,0, ,0,0,12/1/2002 12:00:00.000000 AM,PPLSOFT, ,P_8.80.00.00
140697,NWD LVE TAKE SGP,NWD LVE TAKE,AT,Newly Wed Leave Take,6,E, ,Y,C,SGP, , ,N,CU,Y,N,N,Y,N,N,N,Y,N,0, , , , , ,N,N,0, ,0, ,0, ,0, ,0, ,0, ,0,0,12/1/2002 12:00:00.000000 AM,PPLSOFT, ,P_8.80.00.00
140698,PAT LVE TAKE SGP,PAT LVE TAKE,AT,Paternity Leave Take,6,E, ,N,C,SGP, , ,N,CU,Y,N,N,Y,N,N,N,Y,N,0, , , , , ,N,N,0, ,0, ,0, ,0, ,0, ,0, ,0,0,12/1/2002 12:00:00.000000 AM,PPLSOFT, ,P_8.80.00.00
140699,SPL LVE TAKE SGP,SPL LVE TAKE,AT,Special Leave Take,6,E, ,N,C,SGP, , ,N,CU,Y,N,N,Y,N,N,N,Y,N,0, , , , , ,N,N,0, ,0, ,0, ,0, ,0, ,0, ,0,0,12/1/2002 12:00:00.000000 AM,PPLSOFT, ,P_8.80.00.00
130709,ANN LVE H NZL,ANN LVE H,AT,Annual Leave Take - Hours,6,E, ,N,C,NZL, , ,N,CU,Y,N,N,Y,N,N,N,Y,N,0, , , , , ,Y,N,0, ,0, ,0, ,0, ,0, ,0, ,0,0,12/1/2002 12:00:00.000000 AM,PPLSOFT, ,P_8.80.00.00
140716,NPL LVE TAKE SGP,NPL LVE TAKE,AT,No Pay Leave Take,6,E, ,N,C,SGP, , ,N,CU,Y,N,N,Y,N,N,N,Y,N,0, , , , , ,N,N,0, ,0, ,0, ,0, ,0, ,0, ,0,0,12/1/2002 12:00:00.000000 AM,PPLSOFT, ,P_8.80.00.00
140860,SICK LVE TAKE SGP,SICK LVE TAKE,AT,Sick Leave,6,E, ,N,C,SGP, , ,N,CU,Y,N,N,Y,N,N,N,Y,N,0, , , , , ,Y,N,0, ,0, ,0, ,0, ,0, ,0, ,0,0,12/1/2002 12:00:00.000000 AM,PPLSOFT, ,P_8.80.00.00
131131,LSL NZL,LSL,AT,Long Service Leave,6,E, ,Y,C,NZL, , ,N,CU,Y,N,N,Y,N,N,N,Y,N,0, , , , , ,Y,N,0, ,0, ,0, ,0, ,0, ,0, ,0,0,12/1/2002 12:00:00.000000 AM,PPLSOFT, ,P_8.80.00.00
140887,HSP LVE TAKE SGP,HSP LVE TAKE,AT,Hospital Leave Take,6,E, ,N,C,SGP, , ,N,CU,Y,N,N,Y,N,N,N,Y,N,0, , , , , ,Y,N,0, ,0, ,0, ,0, ,0, ,0, ,0,0,12/1/2002 12:00:00.000000 AM,PPLSOFT, ,P_8.80.00.00
140630,ANN STAT TAKE SGP,ANN STAT TAKE,AT,Annual Leave Take,6,E, ,N,C,SGP, , ,N,CU,Y,N,N,Y,N,N,N,Y,N,0, , , , , ,Y,N,0, ,0, ,0, ,0, ,0, ,0, ,0,0,12/1/2002 12:00:00.000000 AM,PPLSOFT, ,P_8.80.00.00
130686,ANN LVE NZL,ANN LVE,AT,Annual Leave Take Days,6,E, ,Y,C,NZL,LVE, ,N,CU,Y,N,N,Y,N,N,N,Y,N,0, , , , , ,Y,N,0, ,0, ,0, ,0, ,0, ,0, ,0,0,11/30/2004 12:00:00.000000 AM,PPLSOFT, ,P_8.90.00.00
140666,MAT LVE TAKE SGP,MAT LVE TAKE,AT,Maternity Leave Take,6,E, ,N,C,SGP, , ,N,CU,Y,N,N,Y,N,N,N,Y,N,0, , , , , ,Y,N,0, ,0, ,0, ,0, ,0, ,0, ,0,0,12/1/2002 12:00:00.000000 AM,PPLSOFT, ,P_8.80.00.00
131024,ACC MKP NZL,ACC MKP,AT,ACC Leave Makeup Take,6,E, ,N,C,NZL, , ,N,CU,Y,N,N,Y,N,N,N,Y,N,0, , , , , ,N,N,0, ,0, ,0, ,0, ,0, ,0, ,0,0,12/1/2002 12:00:00.000000 AM,PPLSOFT, ,P_8.80.00.00
130877,SICK NZL,SICK,AT,Sick Leave Take,6,E, ,Y,C,NZL, , ,N,CU,Y,N,N,Y,N,N,N,Y,N,0, , , , , ,Y,N,0, ,0, ,0, ,0, ,0, ,0, ,0,0,12/1/2002 12:00:00.000000 AM,PPLSOFT, ,P_8.80.00.00
140725,NSL LVE TAKE SGP,NSL LVE TAKE,AT,National Service Leave Take,6,E, ,Y,C,SGP, , ,N,CU,Y,N,N,Y,N,N,N,Y,N,0, , , , , ,N,N,0, ,0, ,0, ,0, ,0, ,0, ,0,0,12/1/2002 12:00:00.000000 AM,PPLSOFT, ,P_8.80.00.00
130922,ACC NZL,ACC,AT,ACC Take,6,E, ,Y,C,NZL, , ,N,CU,Y,N,N,Y,N,N,N,Y,N,0, , , , , ,N,N,0, ,0, ,0, ,0, ,0, ,0, ,0,0,12/1/2002 12:00:00.000000 AM,PPLSOFT, ,P_8.80.00.00
90193,ALV GENL TKE HKG,ALV GENL TKE,AT,Genl Annual Leave Take,6,E, ,N,C,HKG, , ,N,CU,Y,N,N,Y,N,N,N,Y,N,0, , , , , ,Y,N,0, ,0, ,0, ,0, ,0, ,0, ,0,0,12/1/2002 12:00:00.000000 AM,PPLSOFT, ,P_8.80.00.00
90243,OLV JURY TKE HKG,OLV JURY TKE,AT,Jury Take,6,E, ,N,C,HKG, , ,N,CU,Y,N,N,Y,N,N,N,Y,N,0, , , , , ,N,N,0, ,0, ,0, ,0, ,0, ,0, ,0,0,12/1/2002 12:00:00.000000 AM,PPLSOFT, ,P_8.80.00.00
90288,ALV STAT TKE HKG,ALV STAT TKE,AT,Stat Annual Leave Take,6,E, ,N,C,HKG, , ,N,CU,Y,N,N,Y,N,N,N,Y,N,0, , , , , ,Y,N,0, ,0, ,0, ,0, ,0, ,0, ,0,0,12/1/2002 12:00:00.000000 AM,PPLSOFT, ,P_8.80.00.00
90289,NPL LWOP TKE HKG,NPL LWOP TKE,AT,Leave Without Paid Take,6,E, ,N,C,HKG, , ,N,CU,Y,N,N,Y,N,N,N,Y,N,0, , , , , ,N,N,0, ,0, ,0, ,0, ,0, ,0, ,0,0,12/1/2002 12:00:00.000000 AM,PPLSOFT, ,P_8.80.00.00
90290,OLV COMPASS TKE HKG,OLV COMPASS TKE,AT,Compassion Leave Take,6,E, ,N,C,HKG, , ,N,CU,Y,N,N,Y,N,N,N,Y,N,0, , , , , ,N,N,0, ,0, ,0, ,0, ,0, ,0, ,0,0,12/1/2002 12:00:00.000000 AM,PPLSOFT, ,P_8.80.00.00
90291,OLV MARRIAGE TKE HKG,OLV MARRIAGE TKE,AT,Marriage Leave Take,6,E, ,N,C,HKG, , ,N,CU,Y,N,N,Y,N,N,N,Y,N,0, , , , , ,N,N,0, ,0, ,0, ,0, ,0, ,0, ,0,0,12/1/2002 12:00:00.000000 AM,PPLSOFT, ,P_8.80.00.00
90292,MLV GENL TKE HKG,MLV GENL TKE,AT,Genl Maternity Leave Take,6,E, ,N,C,HKG, , ,N,CU,Y,N,N,Y,N,N,N,Y,N,0, , , , , ,Y,N,0, ,0, ,0, ,0, ,0, ,0, ,0,0,12/1/2002 12:00:00.000000 AM,PPLSOFT, ,P_8.80.00.00
90293,MLV STAT TKE HKG,MLV STAT TKE,AT,Stat Maternity Leave Take,6,E, ,N,C,HKG, , ,N,CU,Y,N,N,Y,N,N,N,Y,N,0, , , , , ,Y,N,0, ,0, ,0, ,0, ,0, ,0, ,0,0,12/1/2002 12:00:00.000000 AM,PPLSOFT, ,P_8.80.00.00
90294,SLV GENL TKE HKG,SLV GENL TKE,AT,Genl Sick Leave Take,6,E, ,N,C,HKG, , ,N,CU,Y,N,N,Y,N,N,N,Y,N,0, , , , , ,Y,N,0, ,0, ,0, ,0, ,0, ,0, ,0,0,12/1/2002 12:00:00.000000 AM,PPLSOFT, ,P_8.80.00.00
90295,SLV STAT TKE HKG,SLV STAT TKE,AT,Stat Sick Leave Take,6,E, ,N,C,HKG, , ,N,CU,Y,N,N,Y,N,N,N,Y,N,0, , , , , ,Y,N,0, ,0, ,0, ,0, ,0, ,0, ,0,0,12/1/2002 12:00:00.000000 AM,PPLSOFT, ,P_8.80.00.00
90957,PLV STAT TKE HKG,PLV STAT TKE,AT,Stat Paternity Leave Take,6,E, ,N,C,HKG, , ,N,CU,Y,N,N,Y,N,N,N,Y,N,0, , , , , ,Y,N,0, ,0, ,0, ,0, ,0, ,0, ,0,0,5/14/2015 10:13:48.398782 PM,PPLSOFT, ,P_9.20.20850059
161046,STERVENSBEGELEIDNG NLD,STERVENSBEGELEIDNG,AT,Terminal Care Leave,6,E, ,N,C,NLD, , ,N,CU,N,N,N,N,N,N,N,Y,Y,0, , , , , ,N,N,0, ,0, ,0, ,0, ,0, ,0, ,0,0,12/1/2002 12:00:00.000000 AM,PPLSOFT, ,P_8.80.00.00
161049,STAKING NLD,STAKING,AT,Strike,6,E, ,N,C,NLD, , ,N,CU,N,N,N,N,N,N,N,Y,Y,0, , , , , ,N,N,0, ,0, ,0, ,0, ,0, ,0, ,0,0,12/1/2002 12:00:00.000000 AM,PPLSOFT, ,P_8.80.00.00
161050,ZIEKTE NLD,ZIEKTE,AT,Sickness,6,E, ,N,C,NLD, , ,N,CU,N,N,N,N,N,N,N,Y,Y,0, , , , , ,N,N,0, ,0, ,0, ,0, ,0, ,0, ,0,0,12/1/2002 12:00:00.000000 AM,PPLSOFT, ,P_8.80.00.00
161051,ARBEIDSONGESCHIKTH NLD,ARBEIDSONGESCHIKTH,AT,Disablement Full,6,E, ,N,C,NLD, , ,N,CU,N,N,N,N,N,N,N,Y,Y,0, , , , , ,N,N,0, ,0, ,0, ,0, ,0, ,0, ,0,0,12/1/2002 12:00:00.000000 AM,PPLSOFT, ,P_8.80.00.00
161052,ONGEVAL NLD,ONGEVAL,AT,Accident,6,E, ,N,C,NLD, , ,N,CU,N,N,N,N,N,N,N,Y,Y,0, , , , , ,N,N,0, ,0, ,0, ,0, ,0, ,0, ,0,0,12/1/2002 12:00:00.000000 AM,PPLSOFT, ,P_8.80.00.00
161053,ZIEK WEGENS ZWANG NLD,ZIEK WEGENS ZWANG,AT,Illness due to Maternity,6,E, ,N,C,NLD, , ,N,CU,N,N,N,N,N,N,N,Y,Y,0, , , , , ,N,N,0, ,0, ,0, ,0, ,0, ,0, ,0,0,12/1/2002 12:00:00.000000 AM,PPLSOFT, ,P_8.80.00.00
161054,ORGAANDONATIE NLD,ORGAANDONATIE,AT,Organ Donor,6,E, ,N,C,NLD, , ,N,CU,N,N,N,N,N,N,N,Y,Y,0, , , , , ,N,N,0, ,0, ,0, ,0, ,0, ,0, ,0,0,12/1/2002 12:00:00.000000 AM,PPLSOFT, ,P_8.80.00.00
161055,BIJZONDER VERLOF NLD,BIJZONDER VERLOF,AT,Special Leave,6,E, ,N,C,NLD, , ,N,CU,N,N,N,N,N,N,N,Y,Y,0, , , , , ,N,N,0, ,0, ,0, ,0, ,0, ,0, ,0,0,12/1/2002 12:00:00.000000 AM,PPLSOFT, ,P_8.80.00.00
161022,VAKANTIE NLD,VAKANTIE,AT,Vacations,6,E, ,N,C,NLD, , ,N,CU,N,N,N,N,N,N,N,Y,N,0, , , , , ,Y,N,0, ,0, ,0, ,0, ,0, ,0, ,0,0,9/25/2009 12:00:00.000000 PM,PPLSOFT, ,P_9.10.00
161023,ADV NLD,ADV,AT,Reduced Working Hours,6,E, ,N,C,NLD, , ,N,CU,N,N,N,N,N,N,N,Y,Y,0, , , , , ,N,N,0, ,0, ,0, ,0, ,0, ,0, ,0,0,12/1/2002 12:00:00.000000 AM,PPLSOFT, ,P_8.80.00.00
161025,TIJD VOOR TIJD NLD,TIJD VOOR TIJD,AT,Time for time,6,E, ,N,C,NLD, , ,N,CU,N,N,N,N,N,N,N,Y,N,0, , , , , ,N,N,0, ,0, ,0, ,0, ,0, ,0, ,0,0,12/1/2002 12:00:00.000000 AM,PPLSOFT, ,P_8.80.00.00
161026,OVERLIJDEN FAMILIE NLD,OVERLIJDEN FAMILIE,AT,Decease family member,6,E, ,N,C,NLD, , ,N,CU,N,N,N,N,N,N,N,Y,Y,0, , , , , ,N,N,0, ,0, ,0, ,0, ,0, ,0, ,0,0,12/1/2002 12:00:00.000000 AM,PPLSOFT, ,P_8.80.00.00
161027,HUWELIJK NLD,HUWELIJK,AT,Marriage,6,E, ,N,C,NLD, , ,N,CU,N,N,N,N,N,N,N,Y,Y,0, , , , , ,N,N,0, ,0, ,0, ,0, ,0, ,0, ,0,0,12/1/2002 12:00:00.000000 AM,PPLSOFT, ,P_8.80.00.00
161028,VERHUIZING NLD,VERHUIZING,AT,Move,6,E, ,N,C,NLD, , ,N,CU,N,N,N,N,N,N,N,Y,N,0, , , , , ,N,N,0, ,0, ,0, ,0, ,0, ,0, ,0,0,12/1/2002 12:00:00.000000 AM,PPLSOFT, ,P_8.80.00.00
161029,BEVALLINGSVERLOF NLD,BEVALLINGSVERLOF,AT,Maternity,6,E, ,N,C,NLD, , ,N,CU,N,N,N,N,N,N,N,Y,Y,0, , , , , ,N,N,0, ,0, ,0, ,0, ,0, ,0, ,0,0,12/1/2002 12:00:00.000000 AM,PPLSOFT, ,P_8.80.00.00
161030,VERLNGD ZWANGERSCH NLD,VERLNGD ZWANGERSCH,AT,Extended Pregnancy,6,E, ,N,C,NLD, , ,N,CU,N,N,N,N,N,N,N,Y,N,0, , , , , ,N,N,0, ,0, ,0, ,0, ,0, ,0, ,0,0,12/1/2002 12:00:00.000000 AM,PPLSOFT, ,P_8.80.00.00
161031,OUDERSCHAPSVERLOF NLD,OUDERSCHAPSVERLOF,AT,Parental Leave,6,E, ,N,C,NLD, , ,N,CU,Y,N,N,Y,N,N,N,Y,N,0, , , , , ,N,N,0, ,0, ,0, ,0, ,0, ,0, ,0,0,12/1/2002 12:00:00.000000 AM,PPLSOFT, ,P_8.80.00.00
161032,CALAMITEITENVERLOF NLD,CALAMITEITENVERLOF,AT,Leave for Calamities,6,E, ,N,C,NLD, , ,N,CU,N,N,N,N,N,N,N,Y,Y,0, , , , , ,N,N,0, ,0, ,0, ,0, ,0, ,0, ,0,0,12/1/2002 12:00:00.000000 AM,PPLSOFT, ,P_8.80.00.00
161033,KORTDUREND ZORGVRL NLD,KORTDUREND ZORGVRL,AT,Short term leave for healthcar,6,E, ,N,C,NLD, , ,N,CU,N,N,N,N,N,N,N,Y,Y,0, , , , , ,N,N,0, ,0, ,0, ,0, ,0, ,0, ,0,0,12/1/2002 12:00:00.000000 AM,PPLSOFT, ,P_8.80.00.00
161034,ADOPTIEVERLOF NLD,ADOPTIEVERLOF,AT,Leave for adoption,6,E, ,N,C,NLD, , ,N,CU,N,N,N,N,N,N,N,Y,Y,0, , , , , ,N,N,0, ,0, ,0, ,0, ,0, ,0, ,0,0,9/25/2009 12:00:00.000000 PM,PPLSOFT, ,P_9.10.00
161035,KRAAMVERLOF NLD,KRAAMVERLOF,AT,Leave for Maternity Care,6,E, ,N,C,NLD, , ,N,CU,N,N,N,N,N,N,N,Y,Y,0, , , , , ,N,N,0, ,0, ,0, ,0, ,0, ,0, ,0,0,12/1/2002 12:00:00.000000 AM,PPLSOFT, ,P_8.80.00.00
161036,STUDIEVERLOF NLD,STUDIEVERLOF,AT,Study Leave,6,E, ,N,C,NLD, , ,N,CU,N,N,N,N,N,N,N,Y,Y,0, , , , , ,N,N,0, ,0, ,0, ,0, ,0, ,0, ,0,0,12/1/2002 12:00:00.000000 AM,PPLSOFT, ,P_8.80.00.00
150596,BER LVE TAKE MYS,BER LVE TAKE,AT,Bereavement leave,6,E, ,N,C,MYS, , ,N,CU,N,N,N,N,N,N,N,Y,N,0, , , , , ,N,N,0, ,0, ,0, ,0, ,0, ,0, ,0,0,6/4/2003 12:00:00.000000 AM,PPLSOFT, ,P_8.80.00.00
150597,HALF LVE TAKE MYS,HALF LVE TAKE,AT,Half pay leave,6,E, ,N,C,MYS, , ,N,CU,N,N,N,N,N,N,N,Y,N,0, , , , , ,N,N,0, ,0, ,0, ,0, ,0, ,0, ,0,0,6/4/2003 12:00:00.000000 AM,PPLSOFT, ,P_8.80.00.00
141201,SPL TRANSFER TAKE SGP,SPL TRANSFER TAKE,AT,SPL Transfer,6,E, ,N,C,SGP, , ,N,CU,Y,N,N,Y,N,N,N,Y,N,0, , , , , ,N,N,0, ,0, ,0, ,0, ,0, ,0, ,0,0,8/19/2013 4:34:36.483310 AM,PPLSOFT, ,P_9.20.16559925
141223,ADOP LVE TAKE SGP,ADOP LVE TAKE,AT,Adoption Leave Take,6,E, ,N,C,SGP, , ,N,CU,Y,N,N,Y,N,N,N,Y,N,0, , , , , ,N,N,0, ,0, ,0, ,0, ,0, ,0, ,0,0,8/19/2013 4:34:36.501731 AM,PPLSOFT, ,P_9.20.16559925
141224,CHCA LVE TAKE SGP,CHCA LVE TAKE,AT,Child Care Leave Take,6,E, ,N,C,SGP, , ,N,CU,Y,N,N,Y,N,N,N,Y,N,0, , , , , ,N,N,0, ,0, ,0, ,0, ,0, ,0, ,0,0,8/19/2013 4:34:36.502539 AM,PPLSOFT, ,P_9.20.16559925
141172,SPAT LVE TAKE SGP,SPAT LVE TAKE,AT,Shared Parental Leave Take,6,E, ,N,C,SGP, , ,N,CU,N,N,N,Y,N,N,N,Y,N,0, , , , , ,N,N,0, ,0, ,0, ,0, ,0, ,0, ,0,0,8/19/2013 4:34:36.458899 AM,PPLSOFT, ,P_9.20.16559925
140031,ANN GENL TAKE SGP,ANN GENL TAKE,AT,Annual Leave Take,6,E, ,N,C,SGP, , ,N,CU,Y,N,N,Y,N,N,N,Y,N,0, , , , , ,Y,N,0, ,0, ,0, ,0, ,0, ,0, ,0,0,12/1/2002 12:00:00.000000 AM,PPLSOFT, ,P_8.80.00.00
150590,ANN LVE TAKE MYS,ANN LVE TAKE,AT,Annual leave take,6,E, ,N,C,MYS, , ,N,CU,N,N,N,N,N,N,N,Y,N,0, , , , , ,Y,N,0, ,0, ,0, ,0, ,0, ,0, ,0,0,6/4/2003 12:00:00.000000 AM,PPLSOFT, ,P_8.80.00.00
150591,SICK LVE TAKE MYS,SICK LVE TAKE,AT,Sick leave take,6,E, ,N,C,MYS, , ,N,CU,N,N,N,N,N,N,N,Y,N,0, , , , , ,Y,N,0, ,0, ,0, ,0, ,0, ,0, ,0,0,6/4/2003 12:00:00.000000 AM,PPLSOFT, ,P_8.80.00.00
150592,HSP LVE TAKE MYS,HSP LVE TAKE,AT,Hospital leave take,6,E, ,N,C,MYS, , ,N,CU,N,N,N,N,N,N,N,Y,N,0, , , , , ,Y,N,0, ,0, ,0, ,0, ,0, ,0, ,0,0,6/4/2003 12:00:00.000000 AM,PPLSOFT, ,P_8.80.00.00
150593,MAT LVE TAKE MYS,MAT LVE TAKE,AT,Maternity leave,6,E, ,N,C,MYS, , ,N,CU,N,N,N,N,N,N,N,Y,N,0, , , , , ,Y,N,0, ,0, ,0, ,0, ,0, ,0, ,0,0,6/4/2003 12:00:00.000000 AM,PPLSOFT, ,P_8.80.00.00
150594,NPL LVE TAKE MYS,NPL LVE TAKE,AT,Leave without pay,6,E, ,N,C,MYS, , ,N,CU,N,N,N,N,N,N,N,Y,N,0, , , , , ,N,N,0, ,0, ,0, ,0, ,0, ,0, ,0,0,6/4/2003 12:00:00.000000 AM,PPLSOFT, ,P_8.80.00.00
150595,STUDY TAKE MYS,STUDY TAKE,AT,Study leave,6,E, ,N,C,MYS, , ,N,CU,N,N,N,N,N,N,N,Y,N,0, , , , , ,N,N,0, ,0, ,0, ,0, ,0, ,0, ,0,0,6/4/2003 12:00:00.000000 AM,PPLSOFT, ,P_8.80.00.00
181605,BEREAV TAKE 2 USA,BEREAV TAKE 2,AT,Bereavement Taken with No Bal,6,E, ,N,C,USA,ABS, ,N,CU,N,N,N,N,N,N,N,Y,N,0, , , , , ,N,N,0, ,0, ,0, ,0, ,0, ,0, ,0,0,11/30/2004 12:00:00.000000 AM,PPLSOFT, ,P_8.90.00.00
180565,VAC TAKE USA,VAC TAKE,AT,Vacation,6,E, ,N,C,USA,ABS, ,N,CU,N,N,N,N,N,N,N,Y,Y,0, , , , , ,N,N,0, ,0, ,0, ,0, ,0, ,0, ,0,0,11/30/2004 12:00:00.000000 AM,PPLSOFT, ,P_8.90.00.00
170362,PRIV LV IND,PRIV LV,AT,Privilege Leave,6,E, ,N,C,IND, , ,N,CU,N,N,N,Y,N,N,N,Y,N,0, , , , , ,N,N,0, ,0, ,0, ,0, ,0, ,0, ,0,0,12/1/2002 12:00:00.000000 AM,PPLSOFT, ,P_8.80.00.00
170363,CASUAL LV IND,CASUAL LV,AT,Casual Leave,6,E, ,N,C,IND, , ,N,CU,N,N,N,Y,N,N,N,Y,N,0, , , , , ,N,N,0, ,0, ,0, ,0, ,0, ,0, ,0,0,12/1/2002 12:00:00.000000 AM,PPLSOFT, ,P_8.80.00.00
170364,SICK LV IND,SICK LV,AT,Sick Leave,6,E, ,N,C,IND, , ,N,CU,N,N,N,Y,N,N,N,Y,N,0, , , , , ,N,N,0, ,0, ,0, ,0, ,0, ,0, ,0,0,12/1/2002 12:00:00.000000 AM,PPLSOFT, ,P_8.80.00.00
170365,MATERNITY LV IND,MATERNITY LV,AT,Maternity Leave,6,E, ,N,C,IND, , ,N,CU,N,N,N,Y,N,N,N,Y,N,0, , , , , ,N,N,0, ,0, ,0, ,0, ,0, ,0, ,0,0,12/1/2002 12:00:00.000000 AM,PPLSOFT, ,P_8.80.00.00
180512,BEREAV TAKE USA,BEREAV TAKE,AT,Bereavement Taken,6,E, ,N,C,USA,ABS, ,N,CU,N,N,N,N,N,N,N,Y,Y,0, , , , , ,N,N,0, ,0, ,0, ,0, ,0, ,0, ,0,0,11/30/2004 12:00:00.000000 AM,PPLSOFT, ,P_8.90.00.00
180514,SICK TAKE USA,SICK TAKE,AT,Sick,6,E, ,N,C,USA,ABS, ,N,CU,N,N,N,N,N,N,N,Y,Y,0, , , , , ,N,N,0, ,0, ,0, ,0, ,0, ,0, ,0,0,11/30/2004 12:00:00.000000 AM,PPLSOFT, ,P_8.90.00.00
180515,JURY TAKE USA,JURY TAKE,AT,Jury Duty,6,E, ,N,C,USA,ABS, ,N,CU,N,N,N,N,N,N,N,Y,N,0, , , , , ,N,N,0, ,0, ,0, ,0, ,0, ,0, ,0,0,11/30/2004 12:00:00.000000 AM,PPLSOFT, ,P_8.90.00.00
12794,GXRBCAT SICK2 ALL,GXRBCAT SICK2,AT,Sickness,6,E, ,Y,A,ALL, , ,N,SM,N,N,N,N,N,N,N,Y,Y,0, , , , , ,N,N,0, ,0, ,0, ,0, ,0, ,0, ,0,0,2/26/2014 10:34:22.000000 PM,SAMPLE, , 
12857,GXRBCWJURTKE ALL,GXRBCWJURTKE,AT,Jury,6,E, ,N,A,ALL,ABS, ,N,SM,Y,N,N,Y,N,N,N,Y,Y,0, , , , , ,Y,N,0, ,0, ,0, ,0, ,0, ,0, ,0,0,2/26/2014 10:35:58.000000 PM,SAMPLE, , 
110902,SIN AT OREPERMESS ITA,SIN AT OREPERMESS,AT,Union meeting,6,E, ,N,C,ITA, , ,N,CU,N,N,N,N,N,N,N,Y,N,0, , , , , ,N,N,0, ,0, ,0, ,0, ,0, ,0, ,0,0,2/18/2005 4:30:46.000000 PM,PPLSOFT, ,P_8.90.00.01
111768,ASP AT PERSONALE ITA,ASP AT PERSONALE,AT,Personal extended leave,6,E, ,N,C,ITA, , ,N,CU,N,N,N,N,N,N,N,Y,N,0, , , , , ,N,N,0, ,0, ,0, ,0, ,0, ,0, ,0,0,2/18/2005 4:30:46.000000 PM,PPLSOFT, ,P_8.90.00.01
111769,ASP AT MILITARE ITA,ASP AT MILITARE,AT,Military service extendd leave,6,E, ,N,C,ITA, , ,N,CU,N,N,N,N,N,N,N,Y,N,0, , , , , ,N,N,0, ,0, ,0, ,0, ,0, ,0, ,0,0,2/18/2005 4:30:46.000000 PM,PPLSOFT, ,P_8.90.00.01
111770,ASP AT MOTSINDAC ITA,ASP AT MOTSINDAC,AT,Union extended leave,6,E, ,N,C,ITA, , ,N,CU,N,N,N,N,N,N,N,Y,N,0, , , , , ,N,N,0, ,0, ,0, ,0, ,0, ,0, ,0,0,2/18/2005 4:30:46.000000 PM,PPLSOFT, ,P_8.90.00.01
111749,ASP AT MALFIGL0-3 ITA,ASP AT MALFIGL0-3,AT,Baby illness age 0 to 3,6,E, ,N,C,ITA, , ,N,CU,N,N,N,N,N,N,N,Y,N,0, , , , , ,N,N,0, ,0, ,0, ,0, ,0, ,0, ,0,0,2/18/2005 4:30:46.000000 PM,PPLSOFT, ,P_8.90.00.01
111460,INA AT PERIODO1 ITA,INA AT PERIODO1,AT,First Period INAIL,6,E, ,N,C,ITA, , ,N,CU,N,N,N,N,N,N,N,Y,N,0, , , , , ,N,N,0, ,0, ,0, ,0, ,0, ,0, ,0,0,2/18/2005 4:30:46.000000 PM,PPLSOFT, ,P_8.90.00.01
111461,INA AT PERIODO2 ITA,INA AT PERIODO2,AT,Second Period INAIL,6,E, ,N,C,ITA, , ,N,CU,N,N,N,N,N,N,N,Y,N,0, , , , , ,N,N,0, ,0, ,0, ,0, ,0, ,0, ,0,0,2/18/2005 4:30:46.000000 PM,PPLSOFT, ,P_8.90.00.01
110903,PUB AT PERMRETRIB ITA,PUB AT PERMRETRIB,AT,Paid pubblic position,6,E, ,N,C,ITA, , ,N,CU,N,N,N,N,N,N,N,Y,N,0, , , , , ,N,N,0, ,0, ,0, ,0, ,0, ,0, ,0,0,2/18/2005 4:30:46.000000 PM,PPLSOFT, ,P_8.90.00.01
111229,SNG AT DONAZIONE ITA,SNG AT DONAZIONE,AT,Blood donation,6,E, ,N,C,ITA, , ,N,CU,N,N,N,N,N,N,N,Y,N,0, , , , , ,N,N,0, ,0, ,0, ,0, ,0, ,0, ,0,0,2/18/2005 4:30:46.000000 PM,PPLSOFT, ,P_8.90.00.01
111230,SNG AT NODONAZ ITA,SNG AT NODONAZ,AT,Blood donation failure,6,E, ,N,C,ITA, , ,N,CU,N,N,N,N,N,N,N,Y,N,0, , , , , ,N,N,0, ,0, ,0, ,0, ,0, ,0, ,0,0,2/18/2005 4:30:46.000000 PM,PPLSOFT, ,P_8.90.00.01
13540,WXAT BEREAV TAKE ALL,WXAT BEREAV TAKE,AT,Bereavement,6,E, ,N,A,ALL,ABS, ,N,SM,Y,N,N,Y,N,N,N,Y,Y,0, , , , , ,Y,N,0, ,0, ,0, ,0, ,0, ,0, ,0,0,4/17/2015 11:55:44.000000 AM,SAMPLE, , 
13550,WXAT VAC TAKE ALL,WXAT VAC TAKE,AT,Vacation,6,E, ,N,A,ALL,ABS, ,N,SM,Y,N,N,Y,N,N,N,Y,Y,0, , , , , ,Y,N,0, ,0, ,0, ,0, ,0, ,0, ,0,0,4/17/2015 12:13:03.000000 PM,SAMPLE, , 
13554,WXAT FMLA MAT ALL,WXAT FMLA MAT,AT,FMLA Maternity,6,E, ,Y,A,ALL,FML, ,N,SM,Y,N,N,Y,N,N,N,Y,Y,0, , , , , ,Y,N,0, ,0, ,0, ,0, ,0, ,0, ,0,0,4/20/2015 7:08:47.000000 AM,SAMPLE, , 
112592,MAL AT MALATTIA ITA,MAL AT MALATTIA,AT,Illness,6,E, ,N,C,ITA, , ,N,CU,N,N,N,N,N,N,N,Y,N,0, , , , , ,N,N,0, ,0, ,0, ,0, ,0, ,0, ,0,0,2/18/2005 4:30:46.000000 PM,PPLSOFT, ,P_8.90.00.01
12878,GXRBCWATFMMT ALL,GXRBCWATFMMT,AT,FMLA Maternity,6,E, ,Y,A,ALL,FML, ,N,SM,Y,N,N,Y,N,N,N,Y,Y,0, , , , , ,Y,N,0, ,0, ,0, ,0, ,0, ,0, ,0,0,3/24/2014 10:50:52.000000 PM,SAMPLE, , 
12895,GXRBCWATMILEX ALL,GXRBCWATMILEX,AT,FMLA Military Exigency Take,6,E, ,N,A,ALL, , ,N,SM,Y,N,N,Y,N,N,N,Y,Y,0, , , , , ,Y,N,0, ,0, ,0, ,0, ,0, ,0, ,0,0,2/26/2014 10:35:16.000000 PM,SAMPLE, , 
13555,WXAT FMLA MED ALL,WXAT FMLA MED,AT,FMLA Medical,6,E, ,N,A,ALL,FML, ,N,SM,Y,N,N,Y,N,N,N,Y,Y,0, , , , , ,Y,N,0, ,0, ,0, ,0, ,0, ,0, ,0,0,4/20/2015 7:19:16.000000 AM,SAMPLE, , 
111764,ASP AT MALFIGL3-8 ITA,ASP AT MALFIGL3-8,AT,Baby's illness age 3 to 8,6,E, ,N,C,ITA, , ,N,CU,N,N,N,N,N,N,N,Y,N,0, , , , , ,N,N,0, ,0, ,0, ,0, ,0, ,0, ,0,0,2/18/2005 4:30:46.000000 PM,PPLSOFT, ,P_8.90.00.01
12862,GXRBCWATTLPTO ALL,GXRBCWATTLPTO,AT,T&L PTO,6,E, ,N,A,ALL, , ,N,SM,N,N,N,N,N,N,N,Y,Y,0, , , , , ,N,N,0, ,0, ,0, ,0, ,0, ,0, ,0,0,2/26/2014 10:35:39.000000 PM,SAMPLE, , 
12879,GXRBCWATFMMED ALL,GXRBCWATFMMED,AT,FMLA Medical,6,E, ,N,A,ALL, , ,N,SM,Y,N,N,Y,N,N,N,Y,Y,0, , , , , ,Y,N,0, ,0, ,0, ,0, ,0, ,0, ,0,0,2/26/2014 10:34:57.000000 PM,SAMPLE, , 
12809,GXRBCSICK ALL,GXRBCSICK,AT,Long Term Sickness,6,E, ,Y,A,ALL, , ,N,SM,N,N,N,N,N,N,N,Y,Y,0, , , , , ,N,N,0, ,0, ,0, ,0, ,0, ,0, ,0,0,2/26/2014 10:34:29.000000 PM,SAMPLE, , 
12817,GXRBCWATBEREAV ALL,GXRBCWATBEREAV,AT,Bereavement,6,E, ,N,A,ALL,ABS, ,N,SM,Y,N,N,Y,N,N,N,Y,Y,0, , , , , ,Y,N,0, ,0, ,0, ,0, ,0, ,0, ,0,0,2/26/2014 10:34:48.000000 PM,SAMPLE, , 
12936,GXRBCWATVACTKE ALL,GXRBCWATVACTKE,AT,Vacatuins,6,E, ,N,A,ALL,ABS, ,N,SM,Y,N,N,Y,N,N,N,Y,Y,0, , , , , ,Y,N,0, ,0, ,0, ,0, ,0, ,0, ,0,0,2/26/2014 10:35:49.000000 PM,SAMPLE, , 
25906,KUPB VAC TAKE ALL,KUPB VAC TAKE,AT,PB Vacation,6,E, ,N,A,ALL,ABS, ,N,SM,Y,N,N,Y,N,N,N,Y,Y,0, , , , , ,Y,N,0, ,0, ,0, ,0, ,0, ,0, ,0,0,1/19/2016 8:45:54.000000 AM,SAMPLE, , 
12848,GXRBCWATSICKTKE ALL,GXRBCWATSICKTKE,AT,Sick Take,6,E, ,N,A,ALL,ABS, ,N,SM,Y,N,N,Y,N,N,N,Y,Y,0, , , , , ,Y,N,0, ,0, ,0, ,0, ,0, ,0, ,0,0,2/26/2014 10:35:26.000000 PM,SAMPLE, , 
111305,MAT AT ALLATTAM ITA,MAT AT ALLATTAM,AT,Nurse leave,6,E, ,N,C,ITA, , ,N,CU,N,N,N,N,N,N,N,Y,N,0, , , , , ,N,N,0, ,0, ,0, ,0, ,0, ,0, ,0,0,2/18/2005 4:30:46.000000 PM,PPLSOFT, ,P_8.90.00.01
12894,GXRBCWATMILCG ALL,GXRBCWATMILCG,AT,FMLA Military Caregiver Take,6,E, ,N,A,ALL, , ,N,SM,Y,N,N,Y,N,N,N,Y,Y,0, , , , , ,Y,N,0, ,0, ,0, ,0, ,0, ,0, ,0,0,2/26/2014 10:35:09.000000 PM,SAMPLE, , 
210822,EXCED LICENCIA ARG,EXCED LICENCIA,AT,Leaves Exceeded Absence,6,E, ,N,C,ARG, , ,N,SY,N,N,N,N,N,N,N,Y,Y,0, , , , , ,N,N,0, ,0, ,0, ,0, ,0, ,0, ,0,0,4/30/2009 12:00:00.000000 AM,PPLSOFT, ,P_9.00.00.000
210191,USO ACC ART ARG,USO ACC ART,AT,Accident Labor Risks Assurance,6,E, ,N,C,ARG, , ,N,SY,N,N,N,Y,N,N,N,Y,Y,0, , , , , ,N,N,0, ,0, ,0, ,0, ,0, ,0, ,0,0,4/30/2009 12:00:00.000000 AM,PPLSOFT, ,P_9.00.00.000
210192,USO ACC EMP ARG,USO ACC EMP,AT,Accident charged to Employer,6,E, ,N,C,ARG, , ,N,SY,N,N,N,Y,N,N,N,Y,Y,0, , , , , ,N,N,0, ,0, ,0, ,0, ,0, ,0, ,0,0,4/30/2009 12:00:00.000000 AM,PPLSOFT, ,P_9.00.00.000
210193,USO ENFERMED ARG,USO ENFERMED,AT,Sickness Leave,6,E, ,N,C,ARG, , ,N,SY,N,N,N,Y,N,N,N,Y,Y,0, , , , , ,N,N,0, ,0, ,0, ,0, ,0, ,0, ,0,0,4/30/2009 12:00:00.000000 AM,PPLSOFT, ,P_9.00.00.000
210194,USO EXAMEN ARG,USO EXAMEN,AT,Study Leave,6,E, ,N,C,ARG, , ,N,SY,N,N,N,Y,N,N,N,Y,Y,0, , , , , ,N,N,0, ,0, ,0, ,0, ,0, ,0, ,0,0,4/30/2009 12:00:00.000000 AM,PPLSOFT, ,P_9.00.00.000
210195,USO FALL FD ARG,USO FALL FD,AT,Close Relative Death Leave,6,E, ,N,C,ARG, , ,N,SY,N,N,N,Y,N,N,N,Y,Y,0, , , , , ,N,N,0, ,0, ,0, ,0, ,0, ,0, ,0,0,4/30/2009 12:00:00.000000 AM,PPLSOFT, ,P_9.00.00.000
210196,USO FALL HER ARG,USO FALL HER,AT,Sibling Death Leave,6,E, ,N,C,ARG, , ,N,SY,N,N,N,Y,N,N,N,Y,Y,0, , , , , ,N,N,0, ,0, ,0, ,0, ,0, ,0, ,0,0,4/30/2009 12:00:00.000000 AM,PPLSOFT, ,P_9.00.00.000
210197,USO MATERNIDAD ARG,USO MATERNIDAD,AT,Maternity Leave,6,E, ,N,C,ARG, , ,N,SY,N,N,N,Y,N,N,N,Y,Y,0, , , , , ,N,N,0, ,0, ,0, ,0, ,0, ,0, ,0,0,4/30/2009 12:00:00.000000 AM,PPLSOFT, ,P_9.00.00.000
210198,USO MATRIMONIO ARG,USO MATRIMONIO,AT,Marriage Leave,6,E, ,N,C,ARG, , ,N,SY,N,N,N,Y,N,N,N,Y,Y,0, , , , , ,N,N,0, ,0, ,0, ,0, ,0, ,0, ,0,0,4/30/2009 12:00:00.000000 AM,PPLSOFT, ,P_9.00.00.000
210199,USO NACIMIENTO ARG,USO NACIMIENTO,AT,Birth Leave,6,E, ,N,C,ARG, , ,N,SY,N,N,N,Y,N,N,N,Y,Y,0, , , , , ,N,N,0, ,0, ,0, ,0, ,0, ,0, ,0,0,4/30/2009 12:00:00.000000 AM,PPLSOFT, ,P_9.00.00.000
210200,USO VACACIONES ARG,USO VACACIONES,AT,Vacations,6,E, ,N,C,ARG, , ,N,SY,N,N,N,Y,N,N,N,Y,Y,0, , , , , ,N,N,0, ,0, ,0, ,0, ,0, ,0, ,0,0,4/30/2009 12:00:00.000000 AM,PPLSOFT, ,P_9.00.00.000
210201,USO LIC SIN SUELDO ARG,USO LIC SIN SUELDO,AT,Leave without pay,6,E, ,N,C,ARG, , ,N,SY,N,N,N,Y,N,N,N,Y,Y,0, , , , , ,N,N,0, ,0, ,0, ,0, ,0, ,0, ,0,0,4/30/2009 12:00:00.000000 AM,PPLSOFT, ,P_9.00.00.000
210202,AUSENCIA ARG,AUSENCIA,AT,Absence,6,E, ,N,C,ARG, , ,N,SY,N,N,N,Y,N,N,N,Y,Y,0, , , , , ,N,N,0, ,0, ,0, ,0, ,0, ,0, ,0,0,4/30/2009 12:00:00.000000 AM,PPLSOFT, ,P_9.00.00.000
2414,K0WAT TL-PTO ALL,K0WAT TL-PTO,AT,T&L PTO,6,E, ,N,A,ALL, , ,N,SM,N,N,N,N,N,N,N,Y,Y,0, , , , , ,N,N,0, ,0, ,0, ,0, ,0, ,0, ,0,0,1/19/2006 4:13:42.000000 PM,PPLSOFT, ,P_9.00.00
2342,K0WAT BEREAV TAKE ALL,K0WAT BEREAV TAKE,AT,Bereavement,6,E, ,N,A,ALL,ABS, ,N,SM,Y,N,N,Y,N,N,N,Y,Y,0, , , , , ,Y,N,0, ,0, ,0, ,0, ,0, ,0, ,0,0,11/30/2004 12:00:00.000000 AM,PPLSOFT, ,P_8.90.00.00
2438,K0WAT FMLA MAT ALL,K0WAT FMLA MAT,AT,FMLA Maternity,6,E, ,Y,A,ALL,FML, ,N,SM,Y,N,N,Y,N,N,N,Y,Y,0, , , , , ,Y,N,0, ,0, ,0, ,0, ,0, ,0, ,0,0,9/25/2009 12:00:00.000000 PM,PPLSOFT, ,P_9.10.00
2439,K0WAT FMLA MED ALL,K0WAT FMLA MED,AT,FMLA Medical,6,E, ,N,A,ALL,FML, ,N,SM,Y,N,N,Y,N,N,N,Y,Y,0, , , , , ,Y,N,0, ,0, ,0, ,0, ,0, ,0, ,0,0,9/25/2009 12:00:00.000000 PM,PPLSOFT, ,P_9.10.00
2343,K0WAT SICK TAKE ALL,K0WAT SICK TAKE,AT,Sick,6,E, ,N,A,ALL,ABS, ,N,SM,Y,N,N,Y,N,N,N,Y,Y,0, , , , , ,Y,N,0, ,0, ,0, ,0, ,0, ,0, ,0,0,6/2/2014 9:40:36.000000 AM,SAMPLE, , 
2344,K0WAT JURY TAKE ALL,K0WAT JURY TAKE,AT,Jury,6,E, ,N,A,ALL,ABS, ,N,SM,Y,N,N,Y,N,N,N,Y,Y,0, , , , , ,Y,N,0, ,0, ,0, ,0, ,0, ,0, ,0,0,11/30/2004 12:00:00.000000 AM,PPLSOFT, ,P_8.90.00.00
12784,GXRBCAT PTO ALL,GXRBCAT PTO,AT,Paid Time Off,6,E, ,Y,A,ALL, , ,N,SM,N,N,N,N,N,N,N,Y,Y,0, , , , , ,Y,N,0, ,0, ,0, ,0, ,0, ,0, ,0,0,2/26/2014 10:34:15.000000 PM,SAMPLE, , 
25905,KUPB SICK TAKE ALL,KUPB SICK TAKE,AT,PB Sick,6,E, ,N,A,ALL,ABS, ,N,SM,Y,N,N,Y,N,N,N,Y,Y,0, , , , , ,Y,N,0, ,0, ,0, ,0, ,0, ,0, ,0,0,1/19/2016 8:46:40.000000 AM,SAMPLE, , 
2222,K0AT PTO ALL,K0AT PTO,AT,Paid Time Off,4,E, ,Y,A,ALL, , ,N,SM,N,N,N,N,N,N,N,Y,Y,0, , , , , ,Y,N,0, ,0, ,0, ,0, ,0, ,0, ,0,0,8/29/2006 3:23:32.000000 PM,PPLSOFT, ,P_9.00.00
2223,K0AT SICK2 ALL,K0AT SICK2,AT,Sickness,4,E, ,Y,A,ALL, , ,N,SM,N,N,N,N,N,N,N,Y,Y,0, , , , , ,N,N,0, ,0, ,0, ,0, ,0, ,0, ,0,0,8/10/2000 12:00:00.000000 AM,PPLSOFT, ,P_8.30.00.00
2224,K0ATSICK ALL,K0ATSICK,AT,Long Term Sickness,4,E, ,Y,A,ALL, , ,N,SM,N,N,N,N,N,N,N,Y,Y,0, , , , , ,N,N,0, ,0, ,0, ,0, ,0, ,0, ,0,0,8/29/2006 3:11:08.000000 PM,PPLSOFT, ,P_9.00.00
2500,K0WAT MILCG ALL,K0WAT MILCG,AT,FMLA Military Caregiver Take,6,E, ,N,A,ALL,FML, ,N,SM,Y,N,N,Y,N,N,N,Y,Y,0, , , , , ,Y,N,0, ,0, ,0, ,0, ,0, ,0, ,0,0,7/17/2012 3:33:53.000000 PM,SAMPLE, , 
13556,WXAT MILCG ALL,WXAT MILCG,AT,FMLA Military Caregiver Take,6,E, ,N,A,ALL,FML, ,N,SM,Y,N,N,Y,N,N,N,Y,Y,0, , , , , ,Y,N,0, ,0, ,0, ,0, ,0, ,0, ,0,0,4/20/2015 7:26:51.000000 AM,SAMPLE, , 
13558,WXAT MILEX ALL,WXAT MILEX,AT,FMLA Military Exigency Take,6,E, ,N,A,ALL,FML, ,N,SM,Y,N,N,Y,N,N,N,Y,Y,0, , , , , ,Y,N,0, ,0, ,0, ,0, ,0, ,0, ,0,0,4/20/2015 9:14:56.000000 AM,SAMPLE, , 
2501,K0WAT MILEX ALL,K0WAT MILEX,AT,FMLA Military Exigency Take,6,E, ,N,A,ALL,FML, ,N,SM,Y,N,N,Y,N,N,N,Y,Y,0, , , , , ,Y,N,0, ,0, ,0, ,0, ,0, ,0, ,0,0,7/17/2012 3:34:09.000000 PM,SAMPLE, , 
2392,K0WAT VAC TAKE ALL,K0WAT VAC TAKE,AT,Vacation,6,E, ,N,A,ALL,ABS, ,N,SM,Y,N,N,Y,N,N,N,Y,Y,0, , , , , ,Y,N,0, ,0, ,0, ,0, ,0, ,0, ,0,0,6/2/2014 9:40:59.000000 AM,SAMPLE, , 
171486,WXAT JURY TAKE ALL,WXAT JURY TAKE,AT,Jury,6,E, ,N,A,ALL,ABS, ,N,SM,Y,N,N,Y,N,N,N,Y,Y,0, , , , , ,Y,N,0, ,0, ,0, ,0, ,0, ,0, ,0,0,4/20/2015 6:46:51.000000 AM,SAMPLE, , 
171485,WXAT SICK TAKE ALL,WXAT SICK TAKE,AT,Sick,6,E, ,N,A,ALL,ABS, ,N,SM,Y,N,N,Y,N,N,N,Y,Y,0, , , , , ,Y,N,0, ,0, ,0, ,0, ,0, ,0, ,0,0,4/20/2015 6:39:45.000000 AM,SAMPLE, , 
171487,WXAT TL-PTO ALL,WXAT TL-PTO,AT,T&L PTO,6,E, ,N,A,ALL, , ,N,SM,N,N,N,N,N,N,N,Y,Y,0, , , , , ,N,N,0, ,0, ,0, ,0, ,0, ,0, ,0,0,4/20/2015 6:50:47.000000 AM,SAMPLE, , 
110798,FER AT FERIE ITA,FER AT FERIE,AT,Vacation Absence,6,E, ,N,C,ITA, , ,N,CU,N,N,N,N,N,N,N,Y,N,0, , , , , ,N,N,0, ,0, ,0, ,0, ,0, ,0, ,0,0,2/18/2005 4:30:46.000000 PM,PPLSOFT, ,P_8.90.00.01
110817,FER AT OREROL ITA,FER AT OREROL,AT,ROL,6,E, ,N,C,ITA, , ,N,CU,N,N,N,N,N,N,N,Y,N,0, , , , , ,N,N,0, ,0, ,0, ,0, ,0, ,0, ,0,0,2/18/2005 4:30:46.000000 PM,PPLSOFT, ,P_8.90.00.01
110821,FER AT FESTSOPPR ITA,FER AT FESTSOPPR,AT,Suppressed Festivity,6,E, ,N,C,ITA, , ,N,CU,N,N,N,N,N,N,N,Y,N,0, , , , , ,N,N,0, ,0, ,0, ,0, ,0, ,0, ,0,0,2/18/2005 4:30:46.000000 PM,PPLSOFT, ,P_8.90.00.01
112609,MAL AT PERIODO2 ITA,MAL AT PERIODO2,AT,2nd Illness Period,6,E, ,N,C,ITA, , ,N,CU,N,N,N,N,N,N,N,Y,N,0, , , , , ,N,N,0, ,0, ,0, ,0, ,0, ,0, ,0,0,2/18/2005 4:30:46.000000 PM,PPLSOFT, ,P_8.90.00.01
110912,PUB AT PERMNONRETR ITA,PUB AT PERMNONRETR,AT,Unpaid public position,6,E, ,N,C,ITA, , ,N,CU,N,N,N,N,N,N,N,Y,N,0, , , , , ,N,N,0, ,0, ,0, ,0, ,0, ,0, ,0,0,2/18/2005 4:30:46.000000 PM,PPLSOFT, ,P_8.90.00.01
110914,EDU AT ESAMI ITA,EDU AT ESAMI,AT,University Leaves Absence,6,E, ,Y,C,ITA, , ,N,CU,N,N,N,N,N,N,N,Y,N,0, , , , , ,N,N,0, ,0, ,0, ,0, ,0, ,0, ,0,0,2/18/2005 4:30:46.000000 PM,PPLSOFT, ,P_8.90.00.01
110916,EDU AT CORSI ITA,EDU AT CORSI,AT,Educational Course Absence,6,E, ,Y,C,ITA, , ,N,CU,N,N,N,N,N,N,N,Y,N,0, , , , , ,N,N,0, ,0, ,0, ,0, ,0, ,0, ,0,0,2/18/2005 4:30:46.000000 PM,PPLSOFT, ,P_8.90.00.01
113914,MAL AT OFFSET ITA,MAL AT OFFSET,AT,Abs Take Mapped to Illness,6,E, ,N,C,ITA, , ,N,CU,N,N,N,N,N,N,N,Y,N,0, , , , , ,N,N,0, ,0, ,0, ,0, ,0, ,0, ,0,0,2/18/2005 4:30:46.000000 PM,PPLSOFT, ,P_8.90.00.01
111306,MAT AT ALLATTPLUR ITA,MAT AT ALLATTPLUR,AT,Multiple children nurse,6,E, ,N,C,ITA, , ,N,CU,N,N,N,N,N,N,N,Y,N,0, , , , , ,N,N,0, ,0, ,0, ,0, ,0, ,0, ,0,0,2/18/2005 4:30:46.000000 PM,PPLSOFT, ,P_8.90.00.01
112634,PER AT MATRIMONIO ITA,PER AT MATRIMONIO,AT,Marriage leave,6,E, ,N,C,ITA, , ,N,CU,N,N,N,N,N,N,N,Y,N,0, , , , , ,N,N,0, ,0, ,0, ,0, ,0, ,0, ,0,0,2/18/2005 4:30:46.000000 PM,PPLSOFT, ,P_8.90.00.01
112644,HND AT OREFIGLIO ITA,HND AT OREFIGLIO,AT,Child-disability leave (hrs),6,E, ,N,C,ITA, , ,N,CU,N,N,N,N,N,N,N,Y,N,0, , , , , ,N,N,0, ,0, ,0, ,0, ,0, ,0, ,0,0,2/18/2005 4:30:46.000000 PM,PPLSOFT, ,P_8.90.00.01
112645,HND AT GIORNIFIGLI ITA,HND AT GIORNIFIGLI,AT,Child-disability leave (days),6,E, ,N,C,ITA, , ,N,CU,N,N,N,N,N,N,N,Y,N,0, , , , , ,N,N,0, ,0, ,0, ,0, ,0, ,0, ,0,0,2/18/2005 4:30:46.000000 PM,PPLSOFT, ,P_8.90.00.01
112646,HND AT OREDIP ITA,HND AT OREDIP,AT,Empl-disability leave (hours),6,E, ,N,C,ITA, , ,N,CU,N,N,N,N,N,N,N,Y,N,0, , , , , ,N,N,0, ,0, ,0, ,0, ,0, ,0, ,0,0,2/18/2005 4:30:46.000000 PM,PPLSOFT, ,P_8.90.00.01
111069,MAT AT OBBLIGAT ITA,MAT AT OBBLIGAT,AT,Mandatory maternity,6,E, ,N,C,ITA, , ,N,CU,N,N,N,N,N,N,N,Y,N,0, , , , , ,N,N,0, ,0, ,0, ,0, ,0, ,0, ,0,0,2/18/2005 4:30:46.000000 PM,PPLSOFT, ,P_8.90.00.01
112652,HND AT GIORNIDIP ITA,HND AT GIORNIDIP,AT,Empl-disability leave (days),6,E, ,N,C,ITA, , ,N,CU,N,N,N,N,N,N,N,Y,N,0, , , , , ,N,N,0, ,0, ,0, ,0, ,0, ,0, ,0,0,2/18/2005 4:30:46.000000 PM,PPLSOFT, ,P_8.90.00.01
113082,ASP AT CARELETT ITA,ASP AT CARELETT,AT,Leave for gov.ment appointment,6,E, ,N,C,ITA, , ,N,CU,N,N,N,N,N,N,N,Y,N,0, , , , , ,N,N,0, ,0, ,0, ,0, ,0, ,0, ,0,0,2/18/2005 4:30:46.000000 PM,PPLSOFT, ,P_8.90.00.01
111054,MAT AT FACOLTAT ITA,MAT AT FACOLTAT,AT,Optional maternity,6,E, ,N,C,ITA, , ,N,CU,N,N,N,N,N,N,N,Y,N,0, , , , , ,N,N,0, ,0, ,0, ,0, ,0, ,0, ,0,0,2/18/2005 4:30:46.000000 PM,PPLSOFT, ,P_8.90.00.01
114081,CIG AT ORDIN ITA,CIG AT ORDIN,AT,Ordinary CIG,6,E, ,N,C,ITA, , ,N,CU,N,N,N,N,N,N,N,Y,N,0, , , , , ,N,N,0, ,0, ,0, ,0, ,0, ,0, ,0,0,8/17/2004 3:10:44.000000 PM,PPLSOFT, ,P_8.90.00.00
114083,CIG AT STRAORD ITA,CIG AT STRAORD,AT,Extra ordinary CIG,6,E, ,N,C,ITA, , ,N,CU,N,N,N,N,N,N,N,Y,N,0, , , , , ,N,N,0, ,0, ,0, ,0, ,0, ,0, ,0,0,8/17/2004 3:10:44.000000 PM,PPLSOFT, ,P_8.90.00.00
114084,CIG AT MALTEMPO ITA,CIG AT MALTEMPO,AT,Bad weather CIG,6,E, ,N,C,ITA, , ,N,CU,N,N,N,N,N,N,N,Y,N,0, , , , , ,N,N,0, ,0, ,0, ,0, ,0, ,0, ,0,0,8/17/2004 3:10:44.000000 PM,PPLSOFT, ,P_8.90.00.00
250001,PPL EA USA,PPL EA,AT,PPL EA,6,E, ,Y,C,USA, , ,C,NC,Y,N,N,Y,N,N,N,Y,Y,0, , , , , ,N,N,0, ,0, ,0, ,0, ,0, ,0, ,0,0,10/2/2020 12:04:36.000000 PM,NCSU1, , 
250327,CUIDADO LACTANTE ESP,CUIDADO LACTANTE,AT,Co-responsibility Infant care,6,E, ,N,C,ESP, , ,N,CU,N,N,N,Y,N,N,N,Y,N,0, , , , , ,N,N,0, ,0, ,0, ,0, ,0, ,0, ,0,0,5/17/2020 9:09:36.335233 PM,PPLSOFT, ,P_9.20.31030211
250117,EVT DEC DEUIL FRA,EVT DEC DEUIL,AT,Mourning death leave,6,E, ,Y,C,FRA, , ,P,ST,N,N,N,Y,N,N,N,Y,Y,0, , , , , ,N,N,0, ,0, ,0, ,0, ,0, ,0, ,0,0,3/2/2021 8:41:37.989784 AM,PPLSOFT, ,P_9.20.32311326
250148,DET DEUIL IJSS FRA,DET DEUIL IJSS,AT,Soc sec mourning daily allw,6,E, ,Y,C,FRA, , ,P,ST,N,N,N,Y,N,N,N,Y,Y,0, , , , , ,N,N,0, ,0, ,0, ,0, ,0, ,0, ,0,0,3/2/2021 8:41:38.076191 AM,PPLSOFT, ,P_9.20.32311326
250458,SPBP AT GBR,SPBP AT,AT,SPBP Take,6,E, ,Y,C,GBR, , ,N,ST,N,N,N,N,N,N,N,Y,Y,0, , , , , ,N,N,0, ,0, ,0, ,0, ,0, ,0, ,0,0,12/19/2019 9:08:39.933603 PM,PPLSOFT, ,P_9.20.30285311
250018,USO SUSPENSION ARG,USO SUSPENSION,AT,Employment Contract Suspension,6,E, ,N,C,ARG, , ,N,SM,Y,N,N,Y,N,N,N,Y,N,0, , , , , ,N,N,0, ,0, ,0, ,0, ,0, ,0, ,0,0,6/4/2020 6:40:31.667032 PM,PPLSOFT, ,P_9.20.31435013
