SETID,LOCATION,EFFDT,EFF_STATUS,DESCR,DESCR_AC,DESCRSHORT,BUILDING,FLOOR,SECTOR,JURISDICTION,ATTN_TO,COUNTRY,ADDRESS1,ADDRESS2,ADDRESS3,ADDRESS4,CITY,NUM1,NUM2,HOUSE_TYPE,ADDR_FIELD1,ADDR_FIELD2,ADDR_FIELD3,COUNTY,STATE,POSTAL,GEO_CODE,IN_CITY_LIMIT,COUNTRY_CODE,PHONE,EXTENSION,FAX,SETID_SALARY,SAL_ADMIN_PLAN,LANG_CD,REG_REGION,HOLIDAY_SCHEDULE,LOCALITY,CAN_CMA,CAN_OEE_AREACD,GEOLOC_CODE,OFFICE_TYPE,NCR_SW_CAN,TBS_OFFICE_CD_CAN,SPK_COMM_ID_GER,TARIFF_AREA_GER,TARIFF_GER,INDUST_INSP_ID_GER,NI_REPORT_SW_UK,GVT_GEOLOC_CD,GVT_DESIG_AGENT,MATRICULA_NBR,LABEL_FORMAT_ID2,LABEL_FORMAT_ID3,USG_LBL_FORMAT_ID,FON_ER_ID_MEX,FON_OFFICE_MEX,LOC_TAX_MEX,LOC_TAX_SPCL_MEX,ESTABID,MESSAGE_TEXT2,TELE_LOCATION,LASTUPDDTTM
KRSI1,KRISP,1/1/1980,A,São Paulo - Ind., ,SP Ind.01, , , , , ,BRA, , , , , , , , , , , , , , , , , , , , , , ,POR, , , , , , , , , , , , , , , , ,0, , , , , ,N, ,KRI1-1, , ,10/8/2013 12:24:36.000000 AM
KRSI1,KROOS,1/1/1980,A,Espírito Santo - Obr., ,ES - Obr., , , , , ,BRA, , , , , , , , , , , , , , , , , , , , , , ,POR, , , , , , , , , , , , , , , , ,0, , , , , ,N, ,KRO1-2, , ,10/8/2013 12:24:36.000000 AM
KRSI1,KROSP,1/1/1980,A,São Paulo - Obr, ,SP Obr., , , , , ,BRA, , , , , , , , , , , , , , , , , , , , , , ,POR, , , , , , , , , , , , , , , , ,0, , , , , ,N, ,KRO1-1, , ,10/8/2013 12:24:36.000000 AM
KUVCP,KUVNY,1/1/1900,A,Kyovera Corporation NY, ,Kyovera Co,A,56, , , ,USA,1234 Wall Street, , , ,New York, , , , , , , ,NY,10101, , , , , , , , ,ENG, , , , , , , , , , , , , , , , ,0, , , , , ,N, , , , ,10/8/2013 12:24:36.000000 AM
KYSI1,KYCHIH,1/1/1990,A,Chihuahua Office, ,Chihuahua, , , , , ,MEX,Reforma 45, ,Centro, ,Chihuahua, , , , , , , ,CHIH,31034, , , , , , , , ,ESP, , , , , , , , , , , , , , , , ,0, , , , , ,N, ,KY00000000C, , ,10/8/2013 12:24:36.000000 AM
KYSI1,KYDF,1/1/1990,A,Mexico Headquarters, ,Mexico Hea, , , , , ,MEX,Montes Urales 632, ,Lomas de Chapultepec, ,México, , , , , , , ,CDMX,11000, , , , , , , , ,ESP, , , , , , , , , , , , , , , , ,0, , , ,123, ,N, ,KY00000000A, , ,10/8/2013 12:24:36.000000 AM
KYSI1,KYGRO,1/1/1990,A,Guerrero Offices, ,Guerrero, , , , , ,MEX,Av. Costera Miguel Alemán 1000, ,Condesa, ,Acapulco, , , , , , , ,GRO,39690, , , , , , , , ,ESP, , , , , , , , , , , , , , , , ,0, , , , , ,N, ,KY00000000A, , ,10/8/2013 12:24:36.000000 AM
KYSI1,KYHGO,1/1/1990,A,Hidalgo Offices, ,Hidalgo, , , , , ,MEX,Av. Cuauhtémoc 879, ,Centro, ,Pachuca, , , , , , , ,HGO,42000, , , , , , , , ,ESP, , , , , , , , , , , , , , , , ,0, , , , , ,N, ,KY00000000C, , ,10/8/2013 12:24:36.000000 AM
KYSI1,KYSON,1/1/1990,A,Sonora Office, ,Sonora, , , , , ,MEX,Miguel Hidalgo 50, ,Centenario, ,Hermosillo, , , , , , , ,SON,83000, , , , , , , , ,ESP, , , , , , , , , , , , , , , , ,0, , , , , ,N, ,KY00000000B, , ,10/8/2013 12:24:36.000000 AM
KYSI2,KYBCN,1/1/1980,A,Baja California Norte Offices, ,BCN, , , , , ,MEX,Av. De la Paz 9, ,Lomas, ,Tijuana, , , , , , , ,BCN,90000, , , , , , , , ,ESP, , , , , , , , , , , , , , , , ,0, , , , , ,N, ,KY00000000A, , ,10/8/2013 12:24:36.000000 AM
KYSI2,KYCDJUAREZ,1/1/1980,A,Cd. Juarez Offices, ,Cd. Juarez, , , , , ,MEX,Reforma 500, ,Centro, ,Cd. Juárez, , , , , , , ,CHIH,32000, , , , , , , , ,ESP, , , , , , , , , , , , , , , , ,0, , , , , ,Y,0010,KY00000000C, , ,10/8/2013 12:24:36.000000 AM
KYSI2,KYCHIH,1/1/1980,A,Chihuahua Offices, ,Chihuahua, , , , , ,MEX,Reforma 45, ,Centro, ,Chihuahua, , , , , , , ,CHIH,32000, , , , , , , , ,ESP, , , , , , , , , , , , , , , , ,0, , , , , ,N, ,KY00000000C, , ,10/8/2013 12:24:36.000000 AM
KYSI2,KYSON,1/1/1980,A,Sonora Office, ,Sonora, , , , , ,MEX,Miguel Hidalgo 50, ,Centenario, ,Hermosillo, , , , , , , ,SON,83000, , , , , , , , ,ESP, , , , , , , , , , , , , , , , ,0, , , , , ,N, ,KY00000000B, , ,10/8/2013 12:24:36.000000 AM
KRSI1,KRIES,1/1/1980,A,Espírito Santo - Ind, ,ES Ind., , , , , ,BRA, , , , , , , , , , , , , , , , , , , , , , ,POR, , , , , , , , , , , , , , , , ,0, , , , , ,N, ,KRI1-4, , ,10/8/2013 12:24:36.000000 AM
KPIND,GPBLR04,1/1/2002,A,Bengaluru Location One, ,BLUR LOC01,3,13, , , ,IND, , , , , , , , , , , , , , , , , , , , , , ,ENG,IND, , , , , , , , , , , , , , , ,0, , , , , ,N, ,GPEST1, , ,5/15/2015 12:16:37.000000 AM
KPIND,GPAMD01,1/1/2002,A,Ahmedabad Location One, ,AHM LOC 01,4,6, , , ,IND, , , , , , , , , , , , , , , , , , , , , , ,ENG,IND, , , , , , , , , , , , , , , ,0, , , , , ,N, ,GPEST2, , ,5/15/2015 12:15:58.000000 AM
KPIND,GPVJY01,1/1/2002,A,Vijayawada Location One, ,VJY LOC 01,8,2, , , ,IND, , , , , , , , , , , , , , , , , , , , , , ,ENG,IND, , , , , , , , , , , , , , , ,0, , , , , ,N, ,GPEST3, , ,5/15/2015 12:18:00.000000 AM
KPIND,GPHYD01,1/1/2002,A,Hyderabad Location One, ,HYD LOC 01,7,3, , , ,IND, , , , , , , , , , , , , , , , , , , , , , ,ENG,IND, , , , , , , , , , , , , , , ,0, , , , , ,N, ,GPEST4, , ,5/15/2015 12:19:03.000000 AM
KPIND,GPPTN01,1/1/2002,A,Patna Location One, ,PTN LOC 01,6,2, , , ,IND, , , , , , , , , , , , , , , , , , , , , , ,ENG,IND, , , , , , , , , , , , , , , ,0, , , , , ,N, ,GPEST5, , ,5/15/2015 2:17:22.000000 AM
KPIND,GPMAD01,1/1/2002,A,Madhurai Location One, ,MADH LOC01,2,3, , , ,IND, , , , , , , , , , , , , , , , , , , , , , ,ENG,IND, , , , , , , , , , , , , , , ,0, , , , , ,N, ,GPEST6, , ,5/15/2015 2:18:13.000000 AM
KPIND,GPCHN01,1/1/2002,A,Chennai Location One, ,CHN LOC01,1,2, , , ,IND, , , , , , , , , , , , , , , , , , , , , , ,ENG,IND, , , , , , , , , , , , , , , ,0, , , , , ,N, ,GPEST7, , ,5/15/2015 2:18:56.000000 AM
KPIND,GPBHU02,1/1/2002,A,Bhubaneshwar Unit Two, ,BHU UNIT2,4,3, , , ,IND, , , , , , , , , , , , , , , , , , , , , , ,ENG,IND, , , , , , , , , , , , , , , ,0, , , , , ,N, ,GPEST8, , ,5/15/2015 2:20:33.000000 AM
KPIND,GPTVM01,1/1/2002,A,Trivandrum Location One, ,TVM LOC 01,5,2, , , ,IND, , , , , , , , , , , , , , , , , , , , , , ,ENG,IND, , , , , , , , , , , , , , , ,0, , , , , ,N, ,GPEST14, , ,5/15/2015 2:21:20.000000 AM
KPIND,GPMUM03,1/1/2002,A,Mumbai Location Three, ,MUM LOC 03,3,14, , , ,IND, , , , , , , , , , , , , , , , , , , , , , ,ENG,IND, , , , , , , , , , , , , , , ,0, , , , , ,N, ,GPEST15, , ,5/15/2015 2:22:10.000000 AM
KPIND,GPBHP01,1/1/2002,A,Bhopal Location One, ,BHP LOC 01,5,1, , , ,IND, , , , , , , , , , , , , , , , , , , , , , ,ENG,IND, , , , , , , , , , , , , , , ,0, , , , , ,N, ,GPEST16, , ,5/15/2015 2:22:51.000000 AM
KPIND,GPCAL01,1/1/2002,A,Calcutta Location One, ,CAL LOC 01,7,8, , , ,IND, , , , , , , , , , , , , , , , , , , , , , ,ENG,IND, , , , , , , , , , , , , , , ,0, , , , , ,N, ,GPEST17, , ,5/15/2015 2:23:31.000000 AM
KPIND,GPCOM01,1/1/2002,A,Coimbatore Location One, ,COMB LOC01,3,4, , , ,IND, , , , , , , , , , , , , , , , , , , , , , ,ENG,IND, , , , , , , , , , , , , , , ,0, , , , , ,N, ,GPEST18, , ,5/15/2015 2:24:14.000000 AM
K12SD,INTER,1/1/1900,A,Intermediate School, ,Intermedia, , , , , ,USA, , , , , , , , , , , , , , , , , , , , ,K12SD,TEAC, , , , , , , , , , , , , , , , , ,0, , , , , ,N, ,K12SD, , ,2/18/2016 5:50:22.000000 AM
KPIND,GPASM01,1/1/2000,A,Assam Location One, ,ASM LOC 1,Parishad,13, , , ,IND,#20,Parishad Building,M G Road, ,Dibrugarh, , , , , , , ,AS,786001, , , , , , , , ,ENG, , , , , , , , , , , , , , , , ,0, , , , , ,N, , , , ,3/18/2016 9:33:11.000000 AM
K12SD,HIGH,1/1/1900,A,High School, ,High Schoo, , , , , ,USA, , , , , , , , , , , , , , , , , , , , ,K12SD,TEAC, , , , , , , , , , , , , , , , , ,0, , , , , ,N, ,K12SD, , ,2/18/2016 5:51:20.000000 AM
KPIND,GPINRPTL01,1/1/2002,A,GP IND REP LOC 01 Karnataka, ,GPINRPTL01,REP,1, , , ,IND,Prestige Bagmane Tech Park,Phase 1,C V Raman Nagar, ,Bangalore, , , , , , , ,KA,560075, , , , , , , , ,ENG,IND, , , , , , , , , , , , , , , ,0, , , , , ,N, ,GPINRPTE01, , ,2/21/2016 1:17:38.000000 AM
KPIND,GPINRPTL02,1/1/2002,A,GP IND REP LOC 02 Tamilnadu, ,GPINRPTL02,Rep,2, , , ,IND,Shobha Tech Park,Phase2,Guindy, ,Chennai, , , , , , , ,TN,600032, , , , , , , , ,ENG,IND, , , , , , , , , , , , , , , ,0, , , , , ,N, ,GPINRPTE02, , ,2/21/2016 1:17:56.000000 AM
KRSI1,KRE BH,9/1/1988,A,KRE BELO HORIZONTE, ,KRE BH, , , , , ,BRA, , , , , , , , , , , , , , , , , , , , ,KRSI1, , ,BRA,KRBRA, , , , , , , , , , , , , , ,0, , , , , ,N, ,KRE BH, , ,10/3/2017 9:02:22.000000 PM
KRSI1,KRE RS,9/1/1988,A,KRE PORTO ALEGRE, ,KRE RS, , , , , ,BRA, , , , , , , , , , , , , , , , , , , , ,KRSI1, , ,BRA,KRBRA, , , , , , , , , , , , , , ,0, , , , , ,N, ,KRE RS, , ,10/3/2017 9:07:09.000000 PM
SHARE,KUNC00,1/1/1980,A,North Carolina Operations, ,NC Oper,120, , , , ,USA,4532 Casco Avenue, , , ,Raleigh, , , , , , , ,NC,67785, , , , , , ,SHARE,KU01,ENG, , , , , , , , , , , , , , , , ,0, , , , , ,N, ,KU001, , ,10/8/2013 12:24:36.000000 AM
SHARE,KUNJ00,1/1/1980,A,New Jersey Operations, ,NJ Oper,3000, , , , ,USA,500 Frank Burr Blvd, , , ,Teaneck, , , , , , , ,NJ,07666, , , , , , ,SHARE,KU01,ENG, , , , , , , , , , , , , , , , ,0, , , , , ,N, ,KU001, , ,10/8/2013 12:24:36.000000 AM
SHARE,KUNY00,1/1/1980,A,Corporation Headquarters, ,US HQ,2000, , , , ,USA,500 George Washington Pkway, , , ,New York, , , , , , , ,NY,07666, , , , , , ,SHARE,KU01,ENG,USA,KU01,P0001, , , , , , , , , , , , , ,0, , , , , ,N, , , , ,2/21/2015 12:05:53.000000 AM
SHARE,KUOH00,1/1/1980,A,Ohio Operations, ,OH Oper,3000, , , , ,USA,500 Buckeye Plaza Drive, , , ,Columbus, , , , , , , ,OH,67889, , , , , , ,SHARE,KU01,ENG, , ,18000, , , , , , , , , , , , , ,0, , , , , ,N, ,KU001, , ,10/8/2013 12:24:36.000000 AM
SHARE,KUOK00,1/1/1980,A,Oklahoma, ,OK Opr, , , , , ,USA,123 Main St, , , ,Oklahoma City, , , , , , , ,OK,12345, , , , , , ,SHARE, ,ENG, , , , , , , , , , , , , , , , ,0, , , , , ,N, ,KU001, , ,10/8/2013 12:24:36.000000 AM
SHARE,KUPA00,1/1/1980,A,Pennsylvania Operations, ,Penn Oper,1000, , , , ,USA,1000 Presidents Drive, , , ,Philadelphia, , , , , , , ,PA,59886, , , , , , ,SHARE,KU01,ENG, , ,60000I, , , , , , , , , , , , , ,0, , , , , ,N, ,KU001, , ,10/8/2013 12:24:36.000000 AM
SHARE,KUPR00,1/1/1980,A,Puerto Rico Operations, ,PuertoRico, , , , , ,USA,1492 Columbus Circle, , , ,San Juan, , , , , , , ,PR,70905, , , , , , ,SHARE,KU01,ENG, , , , , , , , , , , , , , , , ,0, , , , , ,N, ,KU001, , ,10/8/2013 12:24:36.000000 AM
SHARE,KURI00,1/1/1980,A,Rhode Island Operations, ,Tx Tst RI, , , , , ,USA,3827 Roger Williams Place, , , ,Providence, , , , , , , ,RI,52908, , , , , , ,SHARE,KU01,ENG, , , , , , , , , , , , , , , , ,0, , , , , ,N, ,KU001, , ,10/8/2013 12:24:36.000000 AM
SHARE,L10001,1/1/1980,A,Toledo Headquarters, ,Toledo, , , , , ,USA,1331 Georgia Blvd, , , ,Toledo, , , , , , , ,OH,43659, , , , , , , , , , , , , , , , , , , , , , , ,398120095,4441,0, , , , , ,N, , , , ,10/8/2013 12:24:36.000000 AM
SGP01,KSSGP1,1/1/1980,A,Singapore Office, ,SGP Office,#02-02, , , , ,SGP,541 Orchard Road,#02-02 Liat Towers, , , , , , , , , , , ,238881, , , , , , , , ,ENG, , , , , , , , , , , , , , , , ,0, , , , , ,N, , , , ,10/8/2013 12:24:36.000000 AM
SHARE,CA,1/1/1990,A,CA, ,CA,B-001, , , , ,USA, , , , , , , , , , , , , , , , , , , , ,SHARE, ,ENG,GBRSC, , , , , , , , , , , , , , , ,0, , , , , ,N, ,BNFTE, , ,10/8/2013 12:24:36.000000 AM
SHARE,K0W-CYM01,1/1/1990,A,Cayman Island Location 01, ,CYM Loc01, , , , , ,CYM, , , , , , , , , , , , , , , , , , , , , , ,ENG, , , , , , , , , , , , , , , , ,0, , , , , ,N, , , , ,10/8/2013 12:24:36.000000 AM
SHARE,KCAB00,1/1/1980,A,Calgary Branch, ,Calgary, , , , , ,CAN,2945 Union Street, , , ,Calgary, , , , , , , ,AB,A2K1R7, , , , , , ,SHARE, ,ENG,CAN,KC01, ,01, , , , ,91007, , , , , , , ,0, , , , , ,N, , , , ,10/8/2013 12:24:36.000000 AM
SHARE,KCBC00,1/1/1980,A,Vancouver Branch, ,Vancouver, , , , , ,CAN,1230 Calley St, , , ,Vancouver, , , , , , , ,BC,V5C2Z8, , , , , , ,SHARE, ,ENG,CAN,KC01, ,07, , , , ,91007, , , , , , , ,0, , , , , ,N, , , , ,10/8/2013 12:24:36.000000 AM
SHARE,KCMB00,1/1/1980,A,Winnipeg Office, ,Winnipeg, , , , , ,CAN,9812 Hastings Street, , , ,Winnipeg, , , , , , , ,MB,R2Q 1E2, , , , , , ,SHARE, ,ENG,CAN,KC01, ,08, , , , ,91007, , , , , , , ,0, , , , , ,N, , , , ,10/8/2013 12:24:36.000000 AM
SHARE,KCNB00,1/1/1980,A,Fredricton Office, ,Fredricton, , , , , ,CAN,345 Howe Avenue, , , ,Fredricton, , , , , , , ,NB,N2B1L9, , , , , , ,SHARE, ,ENG,CAN,KC01, ,99, , , , ,91007, , , , , , , ,0, , , , , ,N, , , , ,10/8/2013 12:24:36.000000 AM
SHARE,KCNF00,1/1/1980,A,St John's Office, ,St John's, , , , , ,CAN,2 River Avenue, , , ,St. John's, , , , , , , ,NF,A5F 3Z1, , , , , , ,SHARE, ,ENG,CAN,KC01, ,99, , , , ,91007, , , , , , , ,0, , , , , ,N, , , , ,10/8/2013 12:24:36.000000 AM
SHARE,KCNN00,1/1/1980,A,Iqaluit Office, ,Iqaluit, , , , , ,CAN,P.O. Box 350, , , ,Iqaluit, , , , , , , ,NN,X0A1H0, , , , , , ,SHARE, , ,CAN,KC01, ,99, , , , ,91007, , , , , , , ,0, , , , , ,N, , , , ,10/8/2013 12:24:36.000000 AM
SHARE,KCNS00,1/1/1980,A,Halifax Office, ,Halifax, , , , , ,CAN,187 Mt Harney Blvd, , , ,Halifax, , , , , , , ,NS,S2C 2Q8, , , , , , ,SHARE, ,ENG,CAN,KC01, ,03, , , , ,91007, , , , , , , ,0, , , , , ,N, , , , ,10/8/2013 12:24:36.000000 AM
SHARE,KCNT00,1/1/1980,A,Yellowknife Branch, ,Yellowknfe, , , , , ,CAN,9747 Geary Road, , , ,Yellowknife, , , , , , , ,NT,R2Q 4J4, , , , , , ,SHARE, ,ENG,CAN,KC01, ,99, , , , ,91007, , , , , , , ,0, , , , , ,N, , , , ,10/8/2013 12:24:36.000000 AM
SHARE,KCON00,1/1/1980,A,Canadian Headquarters, ,Cdn HQ,MAIN, , , , ,CAN,1800 Bay Street,Suite 1900, , ,Toronto, , , , , , , ,ON,M5J 2T3, , , , , , ,SHARE, ,ENG,CAN,KC01, ,06,01, , , ,91007, , , , , , , ,0, , , , , ,N, , , , ,10/8/2013 12:24:36.000000 AM
SHARE,KCPE00,1/1/1980,A,Charlottetown Office, ,Chrlttetwn, , , , , ,CAN,283 Georgia Street, , , ,Charlottetown, , , , , , , ,PE,P3Q 2E1, , , , , , ,SHARE,KC01,ENG,CAN,KC01, ,99, , , , ,91007, , , , , , , ,0, , , , , ,N, , , , ,10/8/2013 12:24:36.000000 AM
SHARE,KCQC00,1/1/1980,A,Montreal Office, ,Montreal, , , , , ,CAN,Place Ville Marie,300 St-Catherine Street,Suite 1100, ,Montreal, , , , , , , ,QC,P3F 2W1, , , , , , ,SHARE, ,CFR,CAN,KC01, ,04, , , , ,91007, , , , , , , ,0, , , , , ,N, , , , ,10/8/2013 12:24:36.000000 AM
SHARE,KCSK00,1/1/1980,A,Regina Office, ,Regina, , , , , ,CAN,7212-200 Rupert Street, , , ,Regina, , , , , , , ,SK,H2D 2P7, , , , , , ,SHARE, ,ENG,CAN,KC01, ,05, , , , ,91007, , , , , , , ,0, , , , , ,N, , , , ,10/8/2013 12:24:36.000000 AM
SHARE,KCY01,1/1/1980,A,Cayman Islands HQ, ,Cayman HQ, , , , , ,CYM,#06-01 The Glass House,66 Elign Ave,George Town, ,Grand Cayman, , , , , , , , , , , , , , , , , ,ENG, ,KCY01, , , , , , , , , , , , , , ,0, , , , , ,N, ,KCY01, , ,10/8/2013 12:24:36.000000 AM
SHARE,KCYT00,1/1/1980,A,Whitehorse Office, ,Whitehorse, , , , , ,CAN,9754 Treat Boulevard, , , ,Whitehorse, , , , , , , ,YT,T2G 1U2, , , , , , ,SHARE, ,ENG,CAN,KC01, ,99, , , , ,91007, , , , , , , ,0, , , , , ,N, , , , ,10/8/2013 12:24:36.000000 AM
SHARE,KIMIL01,1/1/1980,A,Milano 1, ,Milano 1,21,4, , , ,ITA,Via Monte di PIeta' 21, , , ,Milano, , , , , , , ,MI,20121, , , , , , , , , , , , , , , , , , , , , , , , , ,0, , , , , ,N, , , , ,10/8/2013 12:24:36.000000 AM
SHARE,KUAL00,1/1/1980,A,Alabama Operations, ,Alabama, , , , , ,USA,23 Industrial Road, , , ,Birmingham, , , , , , , ,AL,45678, , , , , , ,SHARE, ,ENG, , , , , , , , , , , , , , , , ,0, , , , , ,N, ,KU001, , ,10/8/2013 12:24:36.000000 AM
SHARE,KUAR00,1/1/1980,A,Retirees Location, ,Ret Locn, , , , , ,USA,1347 Mission Street, , , ,Sacramento, , , , , , , ,CA,95814, , , , , , ,SHARE, ,ENG, , , , , , , , , , , , , , , , ,0, , , , , ,N, ,KU001, , ,10/8/2013 12:24:36.000000 AM
SHARE,KUAZ00,1/1/1980,A,Arizona Operations, ,AZ Oper,100, , , , ,USA,1500 Cachina Rd, , , ,Tucson, , , , , , , ,AZ,78896, , , , , , ,SHARE,KU01,ENG, , , , , , , , , , , , , , , , ,0, , , , , ,N, ,KU001, , ,10/8/2013 12:24:36.000000 AM
SHARE,KUCA00,1/1/1980,A,California Location, ,California, , , , , ,USA,1400 California St, , , ,Walnut Creek, , , , , , , ,CA,94596, , , , , , ,SHARE,KU01,ENG, , , , , , , , , , , , , , , , ,0, , , , , ,N, ,KU001, , ,10/8/2013 12:24:36.000000 AM
SHARE,KUCT00,1/1/1980,A,Connecticut Operations, ,CT Ops, , , , , ,USA,1875 Noble Ave., , , ,Bridgeport, , , , , , , ,CT,06606, , , , , , ,SHARE,KU01,ENG, , , , , , , , , , , , , , , , ,0, , , , , ,N, ,KU001, , ,10/8/2013 12:24:36.000000 AM
KPIND,GPINRPTL03,1/1/2002,A,GP IND REP LOC 03 Maharashtra, ,GPINRPTL03,Rep,3, , , ,IND,Aditya Tech park,Phase 3,Hinjewadi, ,Pune, , , , , , , ,MH,411057, , , , , , , , ,ENG,IND, , , , , , , , , , , , , , , ,0, , , , , ,N, ,GPINRPTE03, , ,2/21/2016 1:18:13.000000 AM
KRSI1,KRE SP,9/1/1988,A,KRE SÃO PAULO, ,KRE SP, , , , , ,BRA,Doutor José Aureo Bustamante, , ,Vila Cordeiro,SAO PAULO,455, , , ,35, , ,SP,04710-090, , , , , , , , , , , , , , , , , , , , , , , , , ,0, , , , , ,N, ,KRE SP, , ,10/2/2017 10:27:25.000000 PM
KRSI1,KRE DF,9/1/1988,A,KRE BRASILIA, ,KRE DF, , , , , ,BRA, , , , , , , , , , , , , , , , , , , , ,KRSI1, , ,BRA,KRBRA, , , , , , , , , , , , , , ,0, , , , , ,N, ,KRE DF, , ,10/3/2017 9:03:59.000000 PM
KRSI1,KRE RJ,9/1/1988,A,KRE RIO DE JANEIRO, ,KRE RJ, , , , , ,BRA, , , , , , , , , , , , , , , , , , , , ,KRSI1, , ,BRA,KRBRA, , , , , , , , , , , , , , ,0, , , , , ,N, ,KRE RJ, , ,10/3/2017 9:05:30.000000 PM
KPIND,GPINRPTL04,1/1/2002,A,GP IND REP LOC 04 Kerala, ,GPINRPTL04,Rep,4, , , ,IND,Park Centre,Phase 4,Technopark, ,Thiruvananthapuram, , , , , , , ,KL,695581, , , , , , , , ,ENG,IND, , , , , , , , , , , , , , , ,0, , , , , ,N, ,GPINRPTE04, , ,2/21/2016 1:20:56.000000 AM
K12SD,BOE,1/1/1900,A,Board of Education, ,Board of E, , , , , ,USA,334 Main Street Cleveland,, , , ,OH 44109, , , , , , , ,OH, , , , , , , ,K12SD,EXM, , ,KU01,16000, , , , , , , , , , , , , ,0, , , , , ,N, ,K12SD, , ,2/18/2016 10:44:58.000000 AM
K12SD,PRIMARY,1/1/1900,A,Primary School, ,Primary Sc, , , , , ,USA, , , , , , , , , , , , , , , , , , , , ,K12SD,TEAC, , , , , , , , , , , , , , , , , ,0, , , , , ,N, ,K12SD, , ,2/18/2016 5:49:06.000000 AM
PACSI,PACEB,1/1/1990,A,State of Accord, Executive Blg, ,Accord Ex,Exec, , , , ,USA,3425 Executive Parkway, , , ,Nelson, , , , , , , ,NY,34565, , , , , , ,PACSI,SAL,ENG,USA,KU01,P0001, , , , , , , , , , , , , ,0, , , , , ,N, ,24100, , ,10/8/2013 12:24:36.000000 AM
PCNSI,99999,1/1/1990,I,Retirees, ,Retirees, , , , , ,USA,2 A Windsor street, , , , , , , , , , , ,NY, , , , , , , , , , , , , , , , , , , , , , , , , , ,0, , , , , ,N, , , , ,8/18/2016 1:39:02.000000 AM
PCNSI,PACCA,1/1/1990,A,Town Hall, ,Nelson1,Annexe, , , , ,USA,Main Annexe, #4 & #5,,King Street,, , ,SFO, , , , , , ,USA,CA, , , , , , , ,PCNSI,EXM,ENG, ,KU01, , , , , , , , , , , , , , ,0, , , , , ,N, , , , ,8/18/2016 1:43:40.000000 AM
PCNSI,PACNY,1/1/1990,A,Nelson City Hall, ,Nelson,City Hall, , , , ,USA,7667 Main Street, , , ,Nelson, , , , , , ,Nelson,NY,34545, , , , , , ,PCNSI,EXM,ENG,USA,KU01,P0001, , , , , , , , , , , , , ,0, , , , , ,N, , , , ,5/22/2015 8:14:31.000000 PM
PJCSI,PACJC,1/1/1990,A,Accord Jr College, Admin Bldg, ,JC Admin,Admin, , , , ,USA,6435 College Avenue, , , ,Nelson, , , , , , ,Nelson,NY,34545, , , , , , ,PJCSI,SAL,ENG,USA,KU01,P0001, , , , , , , , , , , , , ,0, , , , , ,N, ,24150, , ,10/8/2013 12:24:36.000000 AM
PSAUS,PSAUSMAIN,1/1/1900,A,Main, ,Main, , , , , ,AUS,123 Main Road, , , ,Kingston, , , , , , , ,ACT,2604, , , , , , , , , , , , , , , , , , , , , , , , , ,0, , , , , ,N, , , , ,10/8/2013 12:24:36.000000 AM
PSNZL,PSNZL01,1/1/1900,A,Auckland Office, ,Auckland, , , , , ,NZL,351 Victoria Street, , , ,Auckland, , , , , , , , , , , , , , , ,PSNZL, ,ENG,NZL, , , , , , , , , , , , , , , ,0, , , , , ,N, , , , ,10/8/2013 12:24:36.000000 AM
PSUNV,PCBNBYBC,1/1/1990,A,Burnaby Branch, ,BNBY, , , , , ,CAN,8700 Kingsway,Ste 900, , ,Burnaby, , , , , , , ,BC,V3H 9H6, , , , , , , , ,ENG, , , , , , , , , , , , , , , , ,0, , , , , ,N, , , , ,10/8/2013 12:24:36.000000 AM
PSUNV,PCCALGAB,1/1/1990,A,Calgary Branch, ,Calgary, , , , , ,CAN,2945 Union Street, , , ,Calgary, , , , , , , ,AB,A2K 1R7, , , , , , , , ,ENG, , , , , , , , , , , , , , , , ,0, , , , , ,N, , , , ,10/8/2013 12:24:36.000000 AM
PSUNV,PCMISSON,1/1/1990,A,Mississauga Branch, ,Mississaug, , , , , ,CAN,900 Elgin Road,Ste 300, , ,Mississauga, , , , , , , ,ON,M4W 1E6, , , , , , , , ,ENG, , , , ,08, , , , , , , , , , , ,0, , , , , ,N, , , , ,10/8/2013 12:24:36.000000 AM
PSUNV,PCMTRLQC,1/1/1990,A,Montreal Branch, ,Montreal, , , , , ,CAN,Place Ville Marie,300 Rue St. Catherine,Suite 1100, ,Montreal, , , , , , , ,QC,P3F 2W1, , , , , , , , ,CFR, , , , , , , , , , , , , , , , ,0, , , , , ,N, , , , ,10/8/2013 12:24:36.000000 AM
PSUNV,PCVANCBC,1/1/1990,A,Vancouver Branch, ,Vancouver, , , , , ,CAN,1230 Calley Street, , , ,Vancouver, , , , , , , ,BC,V5C 2Z8, , , , , , , , ,ENG, , , , , , , , , , , , , , , , ,0, , , , , ,N, , , , ,10/8/2013 12:24:36.000000 AM
PSUNV,PSCSANAP,1/1/1900,A,Annapolis, ,Annapolis, , , , , ,USA,3000 Green Valley Road, , , ,Annapolis, , , , , , , ,MD,20322, , , , , , ,PSUNV, ,ENG,USA,EST, , , , , , , , , , , , , , ,0, , , , , ,N, , , , ,10/8/2013 12:24:36.000000 AM
PSUNV,PSCSBETH,1/1/1900,A,Bethesda, ,Bethesda,MASN, , , , ,USA,1000 Parkway Circle, , , ,Bethesda, , , , , , , ,MD,20122, , , , , , ,PSUNV, ,ENG,USA, , , , , , , , , , , , , , , ,0, , , , , ,N, , , , ,10/8/2013 12:24:36.000000 AM
PSUNV,PSCSCLWD,1/1/1900,A,College Woods, ,College Wd, , , , , ,USA,Oak Creek Parkway, , , ,Lockport, , , , , , , ,IL,60441, , , , , , , , ,ENG,USA, , , , , , , , , , , , , , , ,0, , , , , ,N, , , , ,10/8/2013 12:24:36.000000 AM
PSUNV,PSCSCOLA,1/1/1900,A,Columbia, ,Columbia,TINS, , , , ,USA,2000 Bear Creek Way, , , ,Columbia, , , , , , , ,MD,20211, , , , , , ,PSUNV, ,ENG,USA, , , , , , , , , , , , , , , ,0, , , , , ,N, , , , ,10/8/2013 12:24:36.000000 AM
PSUNV,PSCSHCDA,1/1/1900,A,Hacienda, ,Hacienda, , , , , ,USA,4000 Owens Drive, , , ,Pleasanton, , , , , , , ,CA,94855, , , , , , ,SHARE, ,ENG,USA, , , , , , , , , , , , , , , ,0, , , , , ,N, , , , ,10/8/2013 12:24:36.000000 AM
PSUNV,PSCSNLD1,1/1/1900,A,Netherlands, ,Netherland, , , , , ,NLD, , ,MAADSAM, ,Dutchville,2004, , , , , , , ,1816 PK, , , , , , ,PSUNV, , , , , , , , , , , , , , , , , , ,0, , , , , ,N, , , , ,10/8/2013 12:24:36.000000 AM
PSUNV,PSCSNLD2,1/1/1900,A,Alkmaar, ,Alkmaar, , , , , ,NLD, , , , , , , , , , , , , , , , , , , , , , , , , , , , , , , , , , , , , , , ,0, , , , , ,N, , , , ,10/8/2013 12:24:36.000000 AM
PSUNV,PSCSRKVL,1/1/1900,A,Rockville Center, ,Rockville, , , , , ,USA,4634 Rocky Hill Road, , , ,Rockville, , , , , , , ,MD,20805, , , , , , , , ,ENG,USA, , , , , , , , , , , , , , , ,0, , , , , ,N, , , , ,10/8/2013 12:24:36.000000 AM
PSUNV,PSCSRSWD,1/1/1900,A,Rosewood Building Cluster, ,Rosewood, , , , , ,USA,4440 Rosewood Drive, , , ,Pleasanton, , , , , , , ,CA,94588-3031, , , , , , , , ,ENG,USA, , , , , , , , , , , , , , , ,0, , , , , ,N, , , , ,10/8/2013 12:24:36.000000 AM
PSUNV,PSCSWAL1,1/1/1900,A,Walnut Creek Office, ,WC Office, , , , , ,USA,1616 Main St, , , ,Walnut Creek, , , , , , , ,CA,94596, , , , , , , , ,ENG,USA, , , , , , , , , , , , , , , ,0, , , , , ,N, , , , ,10/8/2013 12:24:36.000000 AM
PSUNV,PSCSWAL2,1/1/1900,A,Walnut Creek Center, ,Walnut, , , , , ,USA,1331 North California Blvd, , , ,Walnut Creek, , , , , , , ,CA,94596, , , , , , ,SHARE, ,ENG,USA, , , , , , , , , , , , , , , ,0, , , , , ,N, , , , ,10/8/2013 12:24:36.000000 AM
PSUNV,PSTOROON,1/1/1990,A,Canadian Headquarters, ,Cdn HQ, , , , , ,CAN,1800 Bay Street,Suite 1900, , ,Toronto, , , , , , , ,ON,M5J 2T3, , , , , , , , ,ENG, , , , ,01, , , , , , , , , , , ,0, , , , , ,N, , , , ,10/8/2013 12:24:36.000000 AM
PSUSI,PACMU,1/1/1990,A,PeopleSoft University Downtown, ,PMU,Campus,5, , , ,USA,Great Lakes Arena,,#40001, , , , , , , , , ,USA,IL, , , , , , , ,PSUSI,SAL,ENG, ,KU01, , , , , , , , , , , , , , ,0, , , , , ,N, , , , ,8/18/2016 1:31:54.000000 AM
PSUSI,PACSU,1/1/1990,A,PeopleSoft University, ,PSU,Campus, , , , ,USA,4000 Owens Drive, , , ,Pleasanton, , , , , , , ,CA,94855, , , , , , ,PSUSI,SAL,ENG,USA,KU01, , , , , , , , , , , , , , ,0, , , , , ,N, , , , ,6/1/2015 12:39:03.000000 PM
SHARE,L00012,1/1/1980,A,San Francisco Regional Office, ,SF Region,EMBARCADER, , , , ,USA,100 Front St,Suite 9000, , ,San Francisco, , , , , , , ,CA, , , , , , , , , , , , , , , , , , , , , , , , ,063290075,4442,0, , , , , ,N, , , , ,10/8/2013 12:24:36.000000 AM
SD001,S13001,1/1/1900,A,German Public Sector Loc One, ,GPS Loc 1,6, , , , ,DEU, , , , , , , , , , , , , , , , , , , , ,SD001, , ,S1301, , , , , , , , , , , , , , , ,0, , , , , ,N, , , , ,10/8/2013 12:24:36.000000 AM
SD001,S13002,1/1/1900,A,German Public Sector Loc Two, ,GPS Loc 2,3, , , , ,DEU, , , , , , , , , , , , , , , , , , , , ,SD001, , ,S1301, , , , , , , , , , , , , , , ,0, , , , , ,N, , , , ,10/8/2013 12:24:36.000000 AM
SD001,S13003,1/1/1900,A,German Public Sector Loc Three, ,GPS Loc 3,A51, , , , ,DEU, , , , , , , , , , , , , , , , , , , , ,SD001, , ,S1301, , , , , , , , , , , , , , , ,0, , , , , ,N, , , , ,10/8/2013 12:24:36.000000 AM
SD001,S13004,1/1/1900,A,German Public Sector Loc Four, ,GPS Loc 4, , , , , ,DEU, , , , , , , , , , , , , , , , , , , , ,SD001, , ,S1301, , , , , , , , , , , , , , , ,0, , , , , ,N, , , , ,10/8/2013 12:24:36.000000 AM
SD001,S13005,1/1/1900,A,German Public Sector Loc Five, ,GPS Loc 5, , , , , ,DEU, , , , , , , , , , , , , , , , , , , , ,SD001, , ,S1301, , , , , , , , , , , , , , , ,0, , , , , ,N, , , , ,10/8/2013 12:24:36.000000 AM
SD001,S13006,1/1/1900,A,German Public Sector Loc Six, ,GPS Loc 6, , , , , ,DEU, , , , , , , , , , , , , , , , , , , , ,SD001, , ,S1301, , , , , , , , , , , , , , , ,0, , , , , ,N, , , , ,10/8/2013 12:24:36.000000 AM
SHARE,KCZZ00,1/1/1980,A,Outside Canada (Non-Residents),N,Out of Can, , ,N,N,N,CAN,Anywhere, , , ,Anywhere, , , , , , , ,ZZ, ,N,N,N,422-4493,N,N,SHARE, ,ENG, , ,67000,1,1, , ,N,91007,N,N,N,N,N,N,N,0,N,N,N, , ,N, , , , ,10/8/2013 12:24:36.000000 AM
SHARE,L00010,1/1/1980,A,Northeastern Region, ,NE Region,UN TOWERS, , , , ,USA,5555 Madison Towers,Suite 111, , ,New York, , , , , , , ,NY,10013, , , , , , , , , , , , , , , , , , , , , , , ,364170061,4443,0, , , , , ,N, , , , ,10/8/2013 12:24:36.000000 AM
SHARE,KUDE00,1/1/1980,A,Delaware Operations, ,DE Oper,350, , , , ,USA,560 N. Market Street, , , ,Wilmington, , , , , , , ,DE,21045, , , , , , ,SHARE,KU01,ENG, , ,77580, , , , , , , , , , , , , ,0, , , , , ,N, ,KU001, , ,10/8/2013 12:24:36.000000 AM
SHARE,KUGA00,1/1/1980,A,Georgia Operations, ,GA Oper,3400, , , , ,USA,1100 Abernathy Road,Suite 265, , ,Atlanta, , , , , , , ,GA,30328, , , , , , ,SHARE,KU01,ENG, , , , , , , , , , , , , , , , ,0, , , , , ,N, ,KU001, , ,10/8/2013 12:24:36.000000 AM
SHARE,KUIL00,1/1/1980,A,Illinois Operations, ,IL Oper,300, , , , ,USA,One Tower Lane, , , ,Oakbrook Terrace, , , , , , , ,IL,60181, , , , , , ,SHARE,KU01,ENG, , , , , , , , , , , , , , , , ,0, , , , , ,N, ,KU001, , ,10/8/2013 12:24:36.000000 AM
SHARE,KUIN00,1/1/1980,A,Indiana No Local Tax, ,IND No Loc,1, , , , ,USA,1455 Last Street, , , ,Marion, , , , , , , ,IN,45678, , , , , , ,SHARE,KU01,ENG, , , , , , , , , , , , , , , , ,0, , , , , ,N, ,KU001, , ,10/8/2013 12:24:36.000000 AM
SHARE,KUKY00,1/1/1980,A,Kentucky Operations, ,Kentucky, , , , , ,USA,1345 Mason Drive, , , ,Lexington, , , , , , , ,KY,67456, , , , , , ,SHARE, ,ENG, , , , , , , , , , , , , , , , ,0, , , , , ,N, ,KU001, , ,10/8/2013 12:24:36.000000 AM
SHARE,KUMA00,1/1/1980,A,Massachusetts Operations, ,MA Oper,400, , , , ,USA,678 Cambridge Circle, , , ,Boston, , , , , , , ,MA,05467, , , , , , ,SHARE,KU01,ENG, , , , , , , , , , , , , , , , ,0, , , , , ,N, ,KU001, , ,10/8/2013 12:24:36.000000 AM
SHARE,L10002,1/1/1980,A,Elkhart Office, ,Elkhart, , , , , ,USA,350 Columbus Street, , , ,Elkhart, , , , , , , ,IN,50112, , , , , , , , , , , , , , , , , , , , , , , ,180000039,4441,0, , , , , ,N, , , , ,10/8/2013 12:24:36.000000 AM
SHARE,L10003,1/1/1980,A,Scranton Office, ,Scranton, , , , , ,USA,345 Fifth Street, , , ,Scranton, , , , , , , ,PA,41378, , , , , , , , , , , , , , , , , , , , , , , ,427460069,4441,0, , , , , ,N, , , , ,10/8/2013 12:24:36.000000 AM
SHARE,N_IRELAND,1/1/1990,A,Northern Ireland, ,NI, , , , , ,GBR, , , , , , , , , , , , , , , , , , , , , , , ,GBRNI, , , , , , , , , , , , , , , ,0, , , , , ,N, , , , ,10/8/2013 12:24:36.000000 AM
SHARE,KUMD00,1/1/1980,A,Montgomery, ,Montgomery,COB, , , , ,USA,50 Monroe, , , ,Montgomery, , , , , , , ,MD,94588-3031, , , , , , ,SHARE,KF01,ENG, , ,031, , , , , , , , , , , , , ,0, , , , , ,N, ,KU001, , ,10/8/2013 12:24:36.000000 AM
SHARE,KUMI00,1/1/1980,A,Michigan Operations, ,MI Oper,500, , , , ,USA,678 Industrial Parkway, , , ,Grand Rapids, , , , , , , ,MI,07886, , , , , , ,SHARE,KU01,ENG, , ,34000, , , , , , , , , , , , , ,0, , , , , ,N, ,KU001, , ,10/8/2013 12:24:36.000000 AM
SHARE,KUMILCA01,1/1/1980,A,Ottawa, ,Ottawa, , , , , ,CAN, , , , ,Ottawa, , , , , , , ,ON, , , , , , , , , ,CFR,CAN,KC01, ,58,18,CA5250000,1, , , , , , , ,CA5250000, ,0, , , , , ,N, ,KC001, , ,10/8/2013 12:24:36.000000 AM
SHARE,KUMILCA02,1/1/1980,A,Halifax, ,Halifax, , , , , ,CAN, , , , ,Halifax, , , , , , , ,NS, , , , , , , , , , ,CAN,KC01, , , ,CA2800000, , , , , , , , ,CA2800000, ,0, , , , , ,N, ,KC001, , ,10/8/2013 12:24:36.000000 AM
SHARE,KUMILCA03,1/1/1980,A,Montreal, ,Montreal, , , , , ,CAN, , , , ,Montreal, , , , , , , ,QC, , , , , , , , , ,CFR,CAN,KC01, , , ,CA4550000, , , , , , , , ,CA4550000, ,0, , , , , ,N, ,KC001, , ,10/8/2013 12:24:36.000000 AM
SHARE,KUMILUS01,1/1/1980,A,Pentagon, ,Pentagon, , , , , ,USA, , , , ,Arlington, , , , , , , ,VA, , , , , , , , , ,ENG,USA,KU01, , , , , , , , , , , , ,510100013, ,0, , , , , ,N, ,KU001, , ,10/8/2013 12:24:36.000000 AM
SHARE,KUMILUS02,1/1/1980,A,Fort Hood, TX, ,Ft Hood, , , , , ,USA, , , , ,Fort Hood, , , , , , , ,TX, , , , , , , , , , ,USA,KU01, , , , , , , , , , , , ,482437027, ,0, , , , , ,N, ,KU004, , ,10/8/2013 12:24:36.000000 AM
SHARE,KUMILUS03,1/1/1980,A,Fort Leavenworth, ,Ft Levenwo, , , , , ,USA, , , , ,Ft Leavenworth, , , , , , , ,KS, , , , , , , , , ,ENG,USA,KU01, , , , , , , , , , , , ,201823103, ,0, , , , , ,N, ,KU004, , ,10/8/2013 12:24:36.000000 AM
SHARE,KUMILUS04,1/1/1980,A,Ft Benning, GA, ,Ft Benning, , , , , ,USA, , , , ,Ft Benning, , , , , , , ,GA,31905, , , , , , , , ,ENG,USA,KU01, , , , , , , , , , , , ,132195215, ,0, , , , , ,N, ,KU005, , ,10/8/2013 12:24:36.000000 AM
SHARE,KUMILUS05,1/1/1980,A,New England Reserve Command, ,NE Reserve, , , , , ,USA, , , , ,Brockton, , , , , , , ,MA,20870, , , , , , , , ,ENG,USA,KU01, , , , , , , , , , , , ,250140023, ,0, , , , , ,N, ,KU003, , ,10/8/2013 12:24:36.000000 AM
SHARE,KUMILUS06,1/1/1980,A,Southern US Reserve Command, ,SUS Reserv, , , , , ,USA, , , , ,Birmingham, , , , , , ,Jefferson,AL,35201, , , , , , , , ,ENG,USA, , , , , , , , , , , , , ,010350073, ,0, , , , , ,N, ,KU005, , ,10/8/2013 12:24:36.000000 AM
SHARE,KUMILUS07,1/1/1980,A,Camp Foster, Okinawa, Japan, ,Cmp Foster, , , , , ,JPN, , , , ,Okinawa, , , , , , , , ,224-1234, , , , , , , , , ,USA,KU01, , , , , , , , , , , , ,JA5615000, ,0, , , , , ,N, ,KU002, , ,10/8/2013 12:24:36.000000 AM
SHARE,KUMILUS08,1/1/1980,A,Honolulu, HI, ,Honolulu, , , , , ,USA, , , , ,Honolulu, , , , , , ,Honolulu,HI,96801, , , , , , , , ,ENG,USA,KU01, , , , , , , , , , , , ,152400003, ,0, , , , , ,N, ,KU002, , ,10/8/2013 12:24:36.000000 AM
SHARE,KUMN00,1/1/1980,A,Minnesota Operations, ,MI Oper,670, , , , ,USA,6700 Byrd Avenue, , , ,Minneapolis, , , , , , , ,MI,06821, , , , , , ,SHARE,KU01,ENG, , , , , , , , , , , , , , , , ,0, , , , , ,N, ,KU001, , ,10/8/2013 12:24:36.000000 AM
SHARE,KUMO00,1/1/1980,A,Missouri locality, ,MO local, , , , , ,USA,123 Main St, , , ,Kansas City, , , , , , , ,MO,12345, , , , , , ,SHARE, ,ENG, , ,38000, , , , , , , , , , , , , ,0, , , , , ,N, ,KU001, , ,10/8/2013 12:24:36.000000 AM
K1USA,K1GLCCA,1/1/2004,A,Los Angeles Office, ,LA Office,12,2, , , ,USA,1000 West Temple St, , , ,Los Angeles, , , , , , ,Los Angels,CA,93001, , , , , , , , ,ENG,USA,K1GHOL, , , , , , , , , , , , , , ,0, , , , , ,N, , , , ,10/8/2013 12:24:36.000000 AM
K1USA,K1GLCFL,1/1/2004,A,Miami Office, ,FL Office, , , , , ,USA,234 Palm Drive, , , ,Boca Raton, , , , , , ,Talahassee,FL,87632, , , , , , , , ,ENG,USA,K1GHOL, , , , , , , , , , , , , , ,0, , , , , ,N, , , , ,10/8/2013 12:24:36.000000 AM
K1USA,K1GLCNY,1/1/2004,A,New York Office, ,NY Office, , , , , ,USA,123 Wall Street, , , ,New York, , , , , , ,New York,NY,94321, , , , , , , , ,ENG,USA,K1GHOL, , , , , , , , , , , , , , ,0, , , , , ,N, , , , ,10/8/2013 12:24:36.000000 AM
K2ARG,K2ARG00001,1/1/1990,A,Central Building, ,Central Bu, , , , , ,ARG,Avenida La Plata 2546, , , ,Congreso, , , , , , , ,BA, , , , , , , ,K2ARG,K2A0, ,ARG, , , , , , , , , , , , , , , ,0, , , , , ,N, , , , ,10/8/2013 12:24:36.000000 AM
K2ARG,K2ARG00002,1/1/1990,A,Branch San Isidro, ,Branch San, , , , , ,ARG,Lamadrid,2698, , ,San Isidro, , , , , , , ,BA, , , , , , , ,K2ARG,K2A1, ,ARG, , , , , , , , , , , , , , , ,0, , , , , ,N, , , , ,10/8/2013 12:24:36.000000 AM
K2ARG,K2ARG00003,1/1/1990,A,Rosario, ,Rosario, , , , , ,ARG,Mariano Moreno,4587, , ,Chubut, , , , , , , ,CB, , , , , , , ,K2ARG,K2A2, ,ARG, , , , , , , , , , , , , , , ,0, , , , , ,N, , , , ,4/11/2016 2:38:29.000000 PM
KMMYS,KM01,1/1/1980,A,Kuala Lumpur Head Quarters, ,KL HQ, , , , , ,MYS,1000,Jalan Ampang, , ,Kuala Lumpur, , , , , , , ,SL,55100, , , , , , ,KMMYS,KM1,ENG,MYS, , , , , , , , , , , , , , , ,0, , , , , ,N, , , , ,10/8/2013 12:24:36.000000 AM
KMMYS,KM02,1/1/1980,A,Penang Office, ,Penang Off, , , , , ,MYS,100,Jalan Raja Laut, , ,Penang, , , , , , , ,KD,90001, , , , , , ,KMMYS,KM1,ENG,MYS, , , , , , , , , , , , , , , ,0, , , , , ,N, , , , ,10/8/2013 12:24:36.000000 AM
KMMYS,KM03,1/1/1980,A,Kuala Lumpur Head Office, ,KL HO, , , , , ,MYS,6600,Jalan Ampang, , ,Kuala Lumpur, , , , , , , ,SL,55100, , , , , , ,KMMYS,KM1,ENG,MYS, , , , , , , , , , , , , , , ,0, , , , , ,N, , , , ,10/8/2013 12:24:36.000000 AM
KPIND,KPBHO01,1/1/1979,A,Pune Road Branch, ,Pune Road,Trinity To,8TH, , , ,IND,487,4th main,19th Cross,Pune Road,Bhopal, , , , , , , ,MP,400011, , , , , , ,KPIND,KP01,ENG,IND, , , , , , , , , , , , , , , ,0, , , , , ,N, ,KPEST7, , ,10/8/2013 12:24:36.000000 AM
KPIND,KPBHO03,1/1/1979,A,Railway Station Road Branch, ,Railway St,Nandini Ar,1ST, , , ,IND,4458,17th Main,Railway Station Road,Residency Enclave,Bhopal, , , , , , , ,MP,458009, , , , , , ,KPIND,KP01,ENG,IND, , , , , , , , , , , , , , , ,0, , , , , ,N, ,KPEST7, , ,10/8/2013 12:24:36.000000 AM
KPIND,KPBLR01,1/1/1979,A,M G Road, Branch, ,M G Road,,Rotam Buil,6TH, , , ,IND,112,C' Block,3rd Cross,Jayanagar,Bangalore, , , , , , , ,KA,560001, , , , , , ,KPIND,KP01,ENG,IND, , , , , , , , , , , , , , , ,0, , , , , ,N, ,KPEST1, , ,10/8/2013 12:24:36.000000 AM
KPIND,KPBLR02,1/1/1979,A,Richmond Road Branch, ,Richmond R,GS House,1ST, , , ,IND,876,Block 6,4th Cross,Indiranagar,Bangalore, , , , , , , ,KA,560011, , , , , , ,KPIND,KP01,ENG,IND, , , , , , , , , , , , , , , ,0, , , , , ,N, ,KPEST1, , ,10/8/2013 12:24:36.000000 AM
KPIND,KPCHN01,1/1/1979,A,Anna Salai Road Branch, ,DMK Road B,Diamond To,1ST, , , ,IND,485,Diamond District,Anna Salai Road,Chennai,Chennai, , , , , , , ,TN,420883, , , , , , ,KPIND,KP01,ENG,IND, , , , , , , , , , , , , , , ,0, , , , , ,N, ,KPEST4, , ,10/8/2013 12:24:36.000000 AM
KPIND,KPCHN02,1/1/1979,A,Jaylalitha Road Branch, ,Jaylalitha,Murthys,6TH, , , ,IND,972,23rd Main,12th Cross,Residency Road,Chennai, , , , , , , ,TN,600012, , , , , , ,KPIND,KP01,ENG,IND, , , , , , , , , , , , , , , ,0, , , , , ,N, ,KPEST4, , ,10/8/2013 12:24:36.000000 AM
KPIND,KPDEL01,1/1/1979,A,Parliament Avenue Branch, ,PMIG Road,Erose Towe,10TH, , , ,IND,129,Erose Towers,Parliament Avenue,N Delhi,N Delhi, , , , , , , ,DL,110015, , , , , , ,KPIND,KP01,ENG,IND, , , , , , , , , , , , , , , ,0, , , , , ,N, ,KPEST2, , ,10/8/2013 12:24:36.000000 AM
KPIND,KPDEL02,1/1/1979,A,Church street Branch, ,Church str,Trimurthi,4TH, , , ,IND,146,6th Main,40th Cross,M G Road,Delhi, , , , , , , ,DL,110014, , , , , , ,KPIND,KP01,ENG,IND, , , , , , , , , , , , , , , ,0, , , , , ,N, ,KPEST2, , ,10/8/2013 12:24:36.000000 AM
KPIND,KPHYD01,1/1/1979,A,Charminar Road Branch, ,Reddy Chow,Charminar,2ND, , , ,IND,456,Charminar Complex,Charminar Road,Hyderabad,Hyderabad, , , , , , , ,AP,530027, , , , , , ,KPIND,KP01,ENG,IND, , , , , , , , , , , , , , , ,0, , , , , ,N, ,KPEST3, , ,10/8/2013 12:24:36.000000 AM
KPIND,KPHYD02,1/1/1979,A,Gandhi Road Branch, ,Gandhi Roa,Premier Ho,10TH, , , ,IND,475,11th Main,46th Cross,Frazer Town,Hyderabad, , , , , , , ,AP,800013, , , , , , ,KPIND,KP01,ENG,IND, , , , , , , , , , , , , , , ,0, , , , , ,N, ,KPEST3, , ,10/8/2013 12:24:36.000000 AM
KPIND,KPKOL01,1/1/1979,A,Salt Lake Branch, ,Subash Roa,Ravindrala,4TH, , , ,IND,475,26th Cross,Salt Lake,Kolkata,Kolkata, , , , , , , ,WB,610876, , , , , , ,KPIND,KP01,ENG,IND, , , , , , , , , , , , , , , ,0, , , , , ,N, ,KPEST6, , ,10/8/2013 12:24:36.000000 AM
KPIND,KPKOL02,1/1/1979,A,Bose Road Branch, ,Bose Road,Mona Tower,7TH, , , ,IND,334,Jasmine Block,2nd Cross,Cooke Town,Kolkotta, , , , , , , ,WB,700001, , , , , , ,KPIND,KP01,ENG,IND, , , , , , , , , , , , , , , ,0, , , , , ,N, ,KPEST6, , ,10/8/2013 12:24:36.000000 AM
KPIND,KPMUM01,1/1/1979,A,Indiranagar Enclave Branch, ,Church Gat,Saphire Ch,3RD, , , ,IND,508,4th Main,Indiranagar,Mumbai,Mumbai, , , , , , , ,MH,220018, , , , , , ,KPIND,KP01,ENG,IND, , , , , , , , , , , , , , , ,0, , , , , ,N, ,KPEST5, , ,10/8/2013 12:24:36.000000 AM
KPIND,KPMUM02,1/1/1979,A,Andheri Branch, ,Andheri Br,Prestige M,2ND, , , ,IND,576,Block C,11th Cross,Subash Nagar,Mumbai, , , , , , , ,MH,400078, , , , , , ,KPIND,KP01,ENG,IND, , , , , , , , , , , , , , , ,0, , , , , ,N, ,KPEST5, , ,10/8/2013 12:24:36.000000 AM
KPIND,KPPUN01,1/1/1979,A,Pune Road Branch, ,Pune Road,Trinity To,8TH, , , ,IND,487,4th main,19th Cross,Mittal Town,Pune, , , , , , , ,MH,400011, , , , , , ,KPIND,KP01,ENG,IND, , , , , , , , , , , , , , , ,0, , , , , ,N, ,KPEST1, , ,10/8/2013 12:24:36.000000 AM
KPIND,KPPUN02,1/1/1979,A,Pune-Mumbai Road Branch, ,Pune-Mumba,Mittal Tow,9TH, , , ,IND,957,Block 8,2nd Cross,Mallya Town,Pune, , , , , , , ,MH,400023, , , , , , ,KPIND,KP01,ENG,IND, , , , , , , , , , , , , , , ,0, , , , , ,N, ,KPEST1, , ,10/8/2013 12:24:36.000000 AM
KPIND,KPPUN03,1/1/1979,A,RG Highway Road Branch, ,RG Highway,Devtha Pla,12TH, , , ,IND,198,D' Block,17th Cross,Sanjay Nagar,Pune, , , , , , , ,MH,400010, , , , , , ,KPIND,KP01,ENG,IND, , , , , , , , , , , , , , , ,0, , , , , ,N, ,KPEST1, , ,10/8/2013 12:24:36.000000 AM
KRSI1,KRCCR,1/1/1980,A,Curitiba - Unid.02, ,Curit.Un02, , , , , ,BRA, , , , , , , , , , , , , , , , , , , , , , ,POR, , , , , , , , , , , , , , , , ,0, , , , , ,N, ,KRC1-2, , ,10/8/2013 12:24:36.000000 AM
KRSI1,KRCRJ,1/1/1980,A,Rio de Janeiro - Unid.03, ,RJ -Un.03, , , , , ,BRA, , , , , , , , , , , , , , , , , , , , , , ,POR, , , , , , , , , , , , , , , , ,0, , , , , ,N, ,KRC1-3, , ,10/8/2013 12:24:36.000000 AM
KRSI1,KRCSP,1/1/1980,A,São Paulo - Unid.01, ,SP-Un.01, , , , , ,BRA, , , , , , , , , , , , , , , , , , , , , , ,POR, , , , , , , , , , , , , , , , ,0, , , , , ,N, ,KRC1-1, , ,10/8/2013 12:24:36.000000 AM
KRSI1,KRIBH,1/1/1980,A,Belo Horizonte - Ind., ,BH Ind., , , , , ,BRA, , , , , , , , , , , , , , , , , , , , , , ,POR, , , , , , , , , , , , , , , , ,0, , , , , ,N, ,KRI1-3, , ,10/8/2013 12:24:36.000000 AM
KRSI1,KRIRJ,1/1/1980,A,Rio de Janeiro - Ind., ,RJ Ind, , , , , ,BRA, , , , , , , , , , , , , , , , , , , , , , ,POR, , , , , , , , , , , , , , , , ,0, , , , , ,N, ,KRI1-2, , ,10/8/2013 12:24:36.000000 AM
SHARE,KUCT01,11/1/2008,A,Connecticut Telework Center, ,CT Telewrk, , , , , ,USA,5425 Sheep Hill Road, , , ,Stamford, , , , , , , ,CT,06904, , , ,203/415-5425, ,203/415-5499, , ,ENG, , , , , , , , , , , , , , , , ,0, , , , , ,N, , , ,Y,10/8/2013 12:24:36.000000 AM
SHARE,L00011,1/1/1980,A,Baltimore Office, ,Balt Off,MANDEL, , , , ,USA,7676 Fleet Street,Suite 6666, , ,Baltimore, , , , , , , ,MD,20854, , , , , , , , , , , , , , , , , , , , , , , ,240050510,4443,0, , , , , ,N, , , , ,10/8/2013 12:24:36.000000 AM
SHARE,KUVCORP,1/1/1900,A,KUV CORPORATE LOCATION, ,KUV CORPOR, , , , , ,USA, , , , , , , , , , , , , , , , , , , , ,SHARE, , ,USA,KU01, , , , , , , , , , , , , , ,0, , , , , ,N, , , , ,10/8/2013 12:24:36.000000 AM
SHARE,KUVT00,1/1/1980,A,Vermont Operations, ,Tx Tst VT, , , , , ,USA,237 Maple Parkway, , , ,Montpelier, , , , , , , ,VT,05601, , , , , , ,SHARE,KU01,ENG, , , , , , , , , , , , , , , , ,0, , , , , ,N, ,KU001, , ,10/8/2013 12:24:36.000000 AM
SHARE,L00001,1/1/1980,A,National Office, ,Nat'l Off,Main Bld, , , , ,USA,1111 Constitution Avenue, NW,Room 1213 HQ, , ,Washington, , , , , , , ,DC,20007, , , , , , , , , , , , , , , , , , , , , , , ,110010001,4441,0, , , , , ,N, , , , ,10/8/2013 12:24:36.000000 AM
SHARE,L00005,11/1/2008,A,Herndon Federal Center, ,Herndon,HF Ctr, , , , ,USA,1250 Reston Parkway,5th Floor, , ,Herndon, , , , , , ,Fairfax,VA,22245, , , , , , , , , , , , , , , , , , , , , , , ,511220059, ,0, , , , , ,N, , , ,Y,10/8/2013 12:24:36.000000 AM
SHARE,KUTX00,1/1/1980,A,Texas Operations - Dallas, ,Dallas/TX, , , , , ,USA,5420 L.B.J Freeway, , , ,Dallas, , , , , , , ,TX,75240, , , , , , ,SHARE, ,ENG, , , , , , , , , , , , , , , , ,0, , , , , ,N, ,KU001, , ,10/8/2013 12:24:36.000000 AM
SHARE,KUV,1/1/1900,A,KUV LOCATION DEFAULT, ,KUV LOCATI, , , , , ,USA,1234 Main Street, , , ,New York, , , , , , , ,NY,10001, , , , , , ,SHARE,KUV, ,USA,KU01, , , , , , , , , , , , , , ,0, , , , , ,N, , , , ,10/8/2013 12:24:36.000000 AM
SHARE,KUMILUS09,1/1/2000,A,Ft. Cambell, KY, ,Ft. Cambel, , , , , ,USA,123 Military Way, , , ,Fort Cambel, , , , , , , ,KY, , , , , , , ,SHARE,KUML, ,USA,KU01,28594, , , , , , , , , , , , , ,0, , , , , ,N, , , , ,12/4/2017 6:45:20.000000 AM
SHARE,KUKS00,1/1/1990,A,Kansas Operations, ,Kansas Ope,#301, , , , ,USA,214 SW 6th Ave, , , ,Topeka, , , , , , , ,KS,66603, , , , , , ,SHARE,KU01, , , , , , , , , , , , , , , , , ,0, , , , , ,N, ,KU001, , ,8/3/2015 10:01:48.000000 AM
SHARE,US001,1/1/1990,A,USA New York, ,USA New Yo, , , , , ,USA,123 Street, , , , , , , , , , , ,NY, , , , , , , , , , , , , , , , , , , , , , , , , , ,0, , , , , ,N, , , , ,8/11/2016 9:43:47.000000 PM
CHE01,GW21,1/1/1980,A,Agentur Olten, ,Agentur Ol, , , , , ,CHE,Froburgstr. 17, , , ,Olten, , , , , , , ,SO,4600, , , , , , ,CHE01, , ,CHE,CSO, , , , , , , , , , , , , , ,0, , , , , ,N, , , , ,10/8/2013 12:24:36.000000 AM
AUS01,KAACT1,1/1/1980,A,ACT Office, ,ACT Office, ,1, , , ,AUS,30 Parliament Drive, , , ,Canberra, , , , , , , ,ACT,2600, , , , , , , , ,ENG,AUS,KAACT1, , , , , , , , , , , , , , ,0, , , , , ,N, , , , ,11/9/2014 3:32:36.000000 PM
AUS01,KANSW1,1/1/1980,A,NSW Head Office - Sydney, ,Sydney HO,PS House,LEVEL 13, , , ,AUS,475 Victoria Avenue, , , ,Chatswood, , , , , , , ,NSW,2067, , , , , , , , ,ENG,AUS,KANSW1, , , , , , , , , , , , , , ,0, , , , , ,N, , , , ,10/8/2013 12:24:36.000000 AM
AUS01,KANT1,1/1/1980,A,Northern Teritory Office, ,Northern T, ,GROUND, , , ,AUS,3rd Building Just Past the Rock, , , ,Ayers Rock, , , , , , , ,NT,0872, , , , , , , , ,ENG,AUS,KANT1, , , , , , , , , , , , , , ,0, , , , , ,N, , , , ,10/8/2013 12:24:36.000000 AM
AUS01,KAQLD1,1/1/1980,A,Queensland Office, ,QLD Office, ,GROUND, , , ,AUS,475 Hastings Street, , , ,Noosa, , , , , , , ,QLD,4567, , , , , , , , ,ENG,AUS,KAQLD1, , , , , , , , , , , , , , ,0, , , , , ,N, , , , ,10/8/2013 12:24:36.000000 AM
AUS01,KASA1,1/1/1980,A,South Australian Office, ,SA Office, ,5, , , ,AUS,475 Crow Street, , , ,Adelaide, , , , , , , ,SA,5000, , , , , , , , ,ENG,AUS,KASA1, , , , , , , , , , , , , , ,0, , , , , ,N, , , , ,10/8/2013 12:24:36.000000 AM
AUS01,KATAS1,1/1/1980,A,Tasmanian Office, ,TAS Office, ,5, , , ,AUS,475 Apple Isle Road, , , ,Hobart, , , , , , , ,TAS,7000, , , , , , , , ,ENG,AUS,KATAS1, , , , , , , , , , , , , , ,0, , , , , ,N, , , , ,10/8/2013 12:24:36.000000 AM
AUS01,KAVIC1,1/1/1980,A,Victorian Office, ,Vic Office, ,1, , , ,AUS,475 St Kilda Road, , , ,Melbourne, , , , , , , ,VIC,3000, , , , , , , , ,ENG,AUS,KAVIC1, , , , , , , , , , , , , , ,0, , , , , ,N, , , , ,10/8/2013 12:24:36.000000 AM
AUS01,KAWA1,1/1/1980,A,Western Australian Office, ,WA Office, ,23, , , ,AUS,475 Swan Raod, , , ,Perth, , , , , , , ,WA,6000, , , , , , , , ,ENG,AUS,KAWA1, , , , , , , , , , , , , , ,0, , , , , ,N, , , , ,10/8/2013 12:24:36.000000 AM
BEL01,KB01,1/1/1980,A,Antwerpen, ,Antwerp,4B,14, , , ,BEL, , ,Kolveniersstraat, ,Antwerpen,50, , , , , , ,AN,2140, , , , , , ,BEL01,KB01,DUT,BEL,KB01, , , , , , , , , , , , , , ,0, , , , , ,N, , , , ,4/17/2014 8:26:33.000000 AM
BEL01,KB02,1/1/1980,A,Brussels, ,Brussels, , , , , ,BEL, , ,Kolveniersstraat, ,Antwerpen, , , , , , , , ,2140, , , , , , ,BEL01,KB01,FRA,BEL,KB01, , , , , , , , , , , , , , ,0, , , , , ,N, , , , ,10/8/2013 12:24:36.000000 AM
CHE01,GW01,1/1/1980,A,Standort Bern, ,Bern, , , , , ,CHE,Zelgstrasse 12, , , ,Bern, , , , , ,351, ,BE,3027, , , , , , ,CHE01, ,GER,CHE,CBE, , , , , , , , , , , , , , ,0, , , , , ,N, , , , ,9/15/2017 12:39:03.000000 PM
CHE01,GW02,1/1/1980,A,Standort Zuerich, ,Zuerich, , , , , ,CHE,Bahnhofstr. 45, , , ,Zuerich, , , , , , , ,ZH,8001, , , ,41 62 811 00 00,121,41 62 811 77 77,CHE01, ,GER,CHE,CZH, , , , , , , , , , , , , , ,0, , , , , ,N, , , , ,10/8/2013 12:24:36.000000 AM
CHE01,GW03,1/1/1980,A,Agentur Brig, ,Brig, , , , , ,CHE,Sebastiansplatz 4, , , ,Brig, , , , , , , ,VS,3900, , , , , , ,CHE01, ,GER,CHE,CVS, , , , , , , , , , , , , , ,0, , , , , ,N, , , , ,10/8/2013 12:24:36.000000 AM
CHE01,GW04,1/1/1960,A,Standort Luzern, ,Luzern, , , , , ,CHE,Bahnhofstrasse 1, , , ,Luzern, , , , , ,1061, ,LU,6003, , , , , , ,CHE01, , ,CHE,CLU, , , , , , , , , , , , , , ,0, , , , , ,N, , , , ,9/15/2017 12:39:56.000000 PM
CHE01,GW05,1/1/1980,A,Agentur Schaffhausen, ,in SH, , , , , ,CHE,Schwerstr. 6, , , ,Schaffhausen, , , , , , , ,SH,8200, , , , , , ,CHE01, ,FRA,CHE,CSH, , , , , , , , , , , , , , ,0, , , , , ,N, , , , ,10/8/2013 12:24:36.000000 AM
CHE01,GW06,1/1/1980,A,Agentur Aargau, ,Aargau, , , , , ,CHE,Neumattstrasse 45, , , ,Aarau, , , , , ,4001, ,AG,5000, , , , , , ,CHE01, ,GER,CHE,CAG, , , , , , , , , , , , , , ,0, , , , , ,N, , , , ,9/15/2017 12:40:45.000000 PM
CHE01,GW07,1/1/1980,A,Agentur Appenzell, ,Agentur Ap, , , , , ,CHE,Hauptgasse 11, , , ,Appenzell, , , , , , , ,AI,9050, , , , , , ,CHE01, , ,CHE,CAI, , , , , , , , , , , , , , ,0, , , , , ,N, , , , ,10/8/2013 12:24:36.000000 AM
CHE01,GW08,1/1/1980,A,Agentur Herisau, ,Agentur He, , , , , ,CHE,Obstmarkt 1, , , ,Herisau, , , , , , , ,AR,9100, , , , , , ,CHE01, ,GER,CHE,CAR, , , , , , , , , , , , , , ,0, , , , , ,N, , , , ,10/8/2013 12:24:36.000000 AM
CHE01,GW09,1/1/1980,A,Agentur Reinach, ,Agentur Re, , , , , ,CHE,Austr. 2, , , ,Reinach, , , , , , , ,BL,4153, , , ,41 62 811 00 00,121,41 62 811 77 77,CHE01, ,GER,CHE,CBL, , , , , , , , , , , , , , ,0, , , , , ,N, , , , ,10/8/2013 12:24:36.000000 AM
CHE01,GW10,1/1/1980,A,Agentur Basel, ,Agentur Ba, , , , , ,CHE,Aeschenvorstadt 1, , , ,Basel, , , , , , , ,BS,4052, , , , , , ,CHE01, ,GER,CHE,CBS, , , , , , , , , , , , , , ,0, , , , , ,N, , , , ,10/8/2013 12:24:36.000000 AM
CHE01,GW11,1/1/1980,A,Agentur Murten, ,Agentur Mu, , , , , ,CHE,Hauptgasse 55, , , ,Murten, , , , , , , ,FR,3280, , , , , , ,CHE01, , ,CHE,CFR, , , , , , , , , , , , , , ,0, , , , , ,N, , , , ,10/8/2013 12:24:36.000000 AM
CHE01,GW12,1/1/1980,A,Agentur Genf, ,Agentur Ge, , , , , ,CHE,rue des Noirettes 35, , , ,Carouge GE, , , , , , , ,GE,1227, , , , , , ,CHE01, ,FRA,CHE,CGE, , , , , , , , , , , , , , ,0, , , , , ,N, , , , ,10/8/2013 12:24:36.000000 AM
CHE01,GW13,1/1/1980,A,Agentur Glarus, ,Agentur Gl, , , , , ,CHE,Burgstrasse 1, , , ,Glarus, , , , , , , ,GL,8750, , , , , , ,CHE01, ,GER,CHE,CGL, , , , , , , , , , , , , , ,0, , , , , ,N, , , , ,10/8/2013 12:24:36.000000 AM
CHE01,GW14,1/1/1980,A,Agentur Chur, ,Agentur Ch, , , , , ,CHE,Poststr. 1, , , ,Chur, , , , , , , ,GR,7000, , , , , , ,CHE01, , ,CHE,CGR, , , , , , , , , , , , , , ,0, , , , , ,N, , , , ,10/8/2013 12:24:36.000000 AM
DEU01,KD917,1/1/1980,A,Bonn, ,Bonn, , , , , ,DEU, , , , , , , , , , , , , , , , , , , , ,DEU01,KD01,GER,DEU, , , , , , , , , , , , , , , ,0, , , , , ,N, , , , ,10/8/2013 12:24:36.000000 AM
NZL01,KZCHCH,1/1/1980,A,Christchurch Office, ,CCH Office, , , , , ,NZL,475 Blamey Road, , , ,Christchurch, , , , , , , , , , , , , , , , , ,ENG,NZL,KZNZL, , , , , , , , , , , , , , ,0, , , , , ,N, , , , ,10/8/2013 12:24:36.000000 AM
NZL01,KZAUCK,1/1/1980,A,Auckland Office, ,AUK Office, , , , , ,NZL,475 Main Street, , , ,Auckland, , , , , , , , , , , , , , , , , ,ENG,NZL,KZNZL, , , , , , , , , , , , , , ,0, , , , , ,N, , , , ,10/8/2013 12:24:36.000000 AM
THA01,KTHO01,1/1/1990,A,Thailand Head Office, ,THA HO, , , , , ,THA, ,1/A Diamond Plaza,180,Jalan Bukit Bintang,,Don Muang, , , , , , , , ,55100, , , , , , , , ,ENG, , , , , , , , , , , , , , , , ,0, , , , , ,N, , , , ,10/8/2013 12:24:36.000000 AM
THA01,KTRG01,1/1/1990,A,Bangkok Office, ,THA BO, , , , , ,THA,16th Fl.,,Ramaland Building, 952 Rama 4 Road.,Suriyawong,Bangrak,Bangkok, , , , , , , , ,10500, , , , , , , , , , , , , , , , , , , , , , , , , ,0, , , , , ,N, , , , ,10/8/2013 12:24:36.000000 AM
THA01,KTRG02,1/1/1990,A,Nonthaburi Regional Office, ,THA NO, , , , , ,THA, ,G015, ,KL Plaza Phaholyothin Rd, , , , , , , , , ,56100, , , , , , , , ,ENG, , , , , , , , , , , , , , , , ,0, , , , , ,N, , , , ,10/8/2013 12:24:36.000000 AM
ITA01,KIT01,1/1/1980,A,Torino, ,Torino,2,2, , , ,ITA,Via Manzoni 133, , , ,Torino, , , , , , , ,TO,30131, , , , , , , , , , , , , , , , , , , , , , , , , ,0, , , , , ,N, , , , ,10/8/2013 12:24:36.000000 AM
MYS01,KMMYS1,1/1/1980,A,Malaysian Head Office, ,MYS HO,KL Plaza, , , , ,MYS,Unit G003, KL Plaza,179 Jalan Bukit Bintang, , ,Kuala Lumpur, , , , , , , , ,55100, , , , , , , , ,ENG,MYS,KMMYS1, , , , , , , , , , , , , , ,0, , , , , ,N, ,KMEST1, , ,5/31/2015 8:29:50.000000 PM
JCS01,J001,1/1/1970,A,Headquarters, ,HQ, , , , , ,JPN,Taishido 4-1-1, , , ,Setagaya-ku, , , , , , , ,13,154-0004, , , , , , , , , , , , , , , , , , , , , , , , , ,0, , , , , ,N, , , , ,10/8/2013 12:24:36.000000 AM
NZL01,KZWEL1,1/1/1980,A,Wellington Office, ,NZL Office, , , , , ,NZL,316 Queen Street, , , ,Wellington, , , , , , , , , , , , , , , , , , ,NZL,KZNZL, , , , , , , , , , , , , , ,0, , , , , ,N, , , , ,10/8/2013 12:24:36.000000 AM
ESP01,KE04,1/1/1980,A,Álava Operations, ,Araba,Main,1, , , ,ESP,Alavesa, , , ,Vitoria,3,4, ,AV,1,2, ,01,01001, , , , , , ,ESP01,KE01,ENG,ESP,KE04, , , , , , , , , , , , , , ,0, , , , , ,N, ,KE04, , ,10/8/2013 12:24:36.000000 AM
IND01,KPPUN03,1/1/1979,A,RG Highway Road Branch, ,RG Highway,Devtha Pla,12TH, , , ,IND,198,D' Block,17th Cross,Sanjay Nagar,Pune, , , , , , , ,MH,400010, , , , , , ,IND01,KP01,ENG,IND, , , , , , , , , , , , , , , ,0, , , , , ,N, ,KPEST1, , ,10/8/2013 12:24:36.000000 AM
ITA01,KIM01,1/1/1980,A,Milan Downtown, ,MI Down,1,4, , , ,ITA,Via Monte di Pieta' 21, , , ,Milan, , , , , , , ,MI,20121, , , , , , , , , , , , , , , , , , , , , , , , , ,0, , , , , ,N, , , , ,10/8/2013 12:24:36.000000 AM
ITA01,KIM02,1/1/1980,A,Milan - East, ,MI East,1,8, , , ,ITA,Piazza Leonardo Da Vinci, , , ,Milan, , , , , , , ,MI,20131, , , , , , , , , , , , , , , , , , , , , , , , , ,0, , , , , ,N, , , , ,10/8/2013 12:24:36.000000 AM
DEU01,GD914,1/1/1980,A,Zweigstelle Dresden, ,DD, , , , , ,DEU,Hinter dem Zwinger 2, , , ,Dresden, , , , , , , ,SN,01234, , , , , , ,DEU01,GD01,GER,DEU, , , , , , , , ,GD0000004,GD2,02,GD01, , , ,0, , , , , ,N, , , , ,10/8/2013 12:24:36.000000 AM
GN001,GNAMS04,1/1/1999,A,Amsterdam 04, ,GNAMS04, , , , , ,NLD, , ,James Wattstraat, ,Amsterdam,22,a, , , , , , ,1007 AB, , , , , , , , ,ENG,NLD,KN01, , , , , , , , , , , , , , ,0, , , , , ,N, , , , ,10/8/2013 12:24:36.000000 AM
GN001,GNDEN01,1/1/1999,A,Den Haag 01, ,GNDEN01, , , , , ,NLD, , ,James Wattstraat, ,Den Haag,22,a, , , , , , ,1007 AB, , , , , , , , ,ENG,NLD,KN01, , , , , , , , , , , , , , ,0, , , , , ,N, , , , ,10/8/2013 12:24:36.000000 AM
GN001,GNEIN01,1/1/1999,A,Eindhoven 01, ,GNEIN01, , , , , ,NLD, , ,James Wattstraat, ,Eindhoven,22,a, , , , , , ,1007 AB, , , , , , , , ,ENG,NLD,KN01, , , , , , , , , , , , , , ,0, , , , , ,N, , , , ,10/8/2013 12:24:36.000000 AM
GN001,GNMAA01,1/1/1999,A,Maastricht 01, ,GNMAA01, , , , , ,NLD, , ,James Wattstraat, ,Maastricht,22,a, , , , , , ,1007 AB, , , , , , , , ,ENG,NLD,KN01, , , , , , , , , , , , , , ,0, , , , , ,N, , , , ,10/8/2013 12:24:36.000000 AM
GN001,GNROT01,1/1/1999,A,Rotterdam 01, ,GNROT01, , , , , ,NLD, , ,James Wattstraat, ,Rotterdam,22,a, , , , , , ,1007 AB, , , , , , , , ,ENG,NLD,KN01, , , , , , , , , , , , , , ,0, , , , , ,N, , , , ,10/8/2013 12:24:36.000000 AM
GN001,GNUTR01,1/1/1999,A,Utrecht 01, ,GNUTR01, , , , , ,NLD, , ,James Wattstraat, ,Utrecht,22,a, , , , , , ,1007 AB, , , , , , , , ,ENG,NLD,KN01, , , , , , , , , , , , , , ,0, , , , , ,N, , , , ,10/8/2013 12:24:36.000000 AM
GN001,GNUTR02,1/1/1999,A,Utrecht 02, ,GNUTR02, , , , , ,NLD, , ,James Wattstraat, ,Utrecht,22,a, , , , , , ,1007 AB, , , , , , , , ,ENG,NLD,KN01, , , , , , , , , , , , , , ,0, , , , , ,N, , , , ,10/8/2013 12:24:36.000000 AM
HKG01,KHHO01,1/1/1980,A,Hong Kong Head Office, ,HKG HO, , , , , ,HKG,475 Canton Road, , , ,Tsim Sha Tsui, , , , , , , ,H, , , , , , , , , ,ENG,HKG,KHHKG1, , , , , , , , , , , , , , ,0, , , , , ,N, , , , ,10/8/2013 12:24:36.000000 AM
HKG01,KHRG01,1/1/1980,A,Sai Kung Office, ,SK Office, , , , , ,HKG,475 Sai Kung Road, , , ,Sai Kung, , , , , , , ,N, , , , , , , , , ,ENG,HKG,KHHKG1, , , , , , , , , , , , , , ,0, , , , , ,N, , , , ,10/8/2013 12:24:36.000000 AM
HKG01,KHRG02,1/1/1980,A,Kowloon Regional Office, ,KWL Office, , , , , ,HKG,475 Banks Road, , , ,Kowloon, , , , , , , ,K, , , , , , , , , ,ENG,HKG,KHHKG1, , , , , , , , , , , , , , ,0, , , , , ,N, , , , ,10/8/2013 12:24:36.000000 AM
CHE01,GW24,1/1/1980,A,Agentur Locarno, ,Agentur Lo, , , , , ,CHE,piazza Grande 1, , , ,Locarno, , , , , , , ,TI,6600, , , , , , ,CHE01, ,GER,CHE,CTI, , , , , , , , , , , , , , ,0, , , , , ,N, , , , ,10/8/2013 12:24:36.000000 AM
CHE01,GW25,1/1/1980,A,Agentur Altdorf, ,Agentur Ur, , , , , ,CHE,Rathausplatz 5, , , ,Altdorf, , , , , , , ,UR,6460, , , , , , ,CHE01, , ,CHE,CUR, , , , , , , , , , , , , , ,0, , , , , ,N, , , , ,10/8/2013 12:24:36.000000 AM
CHE01,GW26,1/1/1980,A,Agentur Lausanne, ,Agentur La, , , , , ,CHE,av. de Chailly 1, , , ,Lausanne, , , , , , , ,VD,1012, , , , , , ,CHE01, ,FRA,CHE,CVD, , , , , , , , , , , , , , ,0, , , , , ,N, , , , ,10/8/2013 12:24:36.000000 AM
CHE01,GW27,1/1/1980,A,Lucerne Operations, ,Lucerne, , , , , ,CHE,Lidostrasse 55, , , ,Lucerne, , , , , , , ,LU,6006, , , , , , ,CHE01, ,GER,CHE,KWLU, , , , , , , , , , , , , , ,0, , , , , ,N, , , , ,10/8/2013 12:24:36.000000 AM
CHE01,GW28,1/1/1980,A,Lugano Operations, ,Lugano, , , , , ,CHE,Via Lambertenghi 17, , , ,Lugano, , , , , , , ,TI,6900, , , , , , ,CHE01, , ,CHE,KWTI, , , , , , , , , , , , , , ,0, , , , , ,N, , , , ,10/8/2013 12:24:36.000000 AM
CHE01,KW01,1/1/1980,A,Zürich Operations, ,Zürich, , , , , ,CHE,Seestrasse 1, , , ,Zürich, , , , , , , ,ZH,8038, , , , , , ,CHE01, ,GER,CHE,KWZH, , , , , , , , , , , , , , ,0, , , , , ,N, , , , ,10/8/2013 12:24:36.000000 AM
CHE01,KW02,1/1/1980,A,Aarau Operations, ,Aarau, , , , , ,CHE,Tellistrasse 121, , , ,Aarau, , , , , , , ,AG,5000, , , ,41 62 811 00 00,121,41 62 811 77 77,CHE01, ,GER,CHE,KWAG, , , , , , , , , , , , , , ,0, , , , , ,N, , , , ,10/8/2013 12:24:36.000000 AM
CHE01,KW03,1/1/1980,A,Bern Operations, ,Bern, , , , , ,CHE,Länggassstrasse 49, , , ,Bern, , , , , , , ,BE,3000, , , , , , ,CHE01, ,GER,CHE,KWBE, , , , , , , , , , , , , , ,0, , , , , ,N, , , , ,10/8/2013 12:24:36.000000 AM
CHE01,KW04,1/1/1980,A,Bellizona Operations, ,Bellizona, , , , , ,CHE,Villa Argentina, , , ,Bellizona, , , , , , , ,TI,6503, , , , , , ,CHE01, , ,CHE,KWTI, , , , , , , , , , , , , , ,0, , , , , ,N, , , , ,10/8/2013 12:24:36.000000 AM
CHE01,KW05,1/1/1980,A,Geneva Operations, ,Geneva, , , , , ,CHE,78 rue du Général-Dufour, , , ,Geneva, , , , , , , ,GE,1211, , , , , , ,CHE01, ,FRA,CHE,KWGE, , , , , , , , , , , , , , ,0, , , , , ,N, , , , ,10/8/2013 12:24:36.000000 AM
CHE01,KW06,1/1/1980,A,Lucerne Operations, ,Lucerne, , , , , ,CHE,Lidostrasse 55, , , ,Lucerne, , , , , , , ,LU,6006, , , , , , ,CHE01, ,GER,CHE,KWLU, , , , , , , , , , , , , , ,0, , , , , ,N, , , , ,10/8/2013 12:24:36.000000 AM
CHE01,KW07,1/1/1980,A,Lugano Operations, ,Lugano, , , , , ,CHE,Via Lambertenghi 17, , , ,Lugano, , , , , , , ,TI,6900, , , , , , ,CHE01, , ,CHE,KWTI, , , , , , , , , , , , , , ,0, , , , , ,N, , , , ,10/8/2013 12:24:36.000000 AM
IND01,KPDEL01,1/1/1979,A,PMIG Road Branch, ,PMIG Road,Ganesha Pl,2ND, , , ,IND,363,2nd Main,32nd Cross,Richmond Town,Delhi, , , , , , , ,DL,110024, , , , , , ,IND01,KP01,ENG,IND, , , , , , , , , , , , , , , ,0, , , , , ,N, ,KPEST1, , ,10/8/2013 12:24:36.000000 AM
IND01,KPDEL02,1/1/1979,A,Church street Branch, ,Church str,Trimurthi,4TH, , , ,IND,146,6th Main,40th Cross,M G Road,Delhi, , , , , , , ,DL,110014, , , , , , ,IND01,KP01,ENG,IND, , , , , , , , , , , , , , , ,0, , , , , ,N, ,KPEST1, , ,10/8/2013 12:24:36.000000 AM
IND01,KPHYD01,1/1/1979,A,Reddy Chowk Branch, ,Reddy Chow,Safina Pla,5TH, , , ,IND,462,Lotus Block,22nd Cross,Austin Town,Hyderabad, , , , , , , ,AP,800011, , , , , , ,IND01,KP01,ENG,IND, , , , , , , , , , , , , , , ,0, , , , , ,N, ,KPEST1, , ,10/8/2013 12:24:36.000000 AM
IND01,KPHYD02,1/1/1979,A,Gandhi Road Branch, ,Gandhi Roa,Premier Ho,10TH, , , ,IND,475,11th Main,46th Cross,Frazer Town,Hyderabad, , , , , , , ,AP,800013, , , , , , ,IND01,KP01,ENG,IND, , , , , , , , , , , , , , , ,0, , , , , ,N, ,KPEST1, , ,10/8/2013 12:24:36.000000 AM
IND01,KPKOL01,1/1/1979,A,Subash Road Branch, ,Subash Roa,Sona Tower,3RD, , , ,IND,128,7th Main,7th Cross,Gandhi Nagar,Kolkotta, , , , , , , ,WB,700032, , , , , , ,IND01,KP01,ENG,IND, , , , , , , , , , , , , , , ,0, , , , , ,N, ,KPEST1, , ,10/8/2013 12:24:36.000000 AM
IND01,KPKOL02,1/1/1979,A,Bose Road Branch, ,Bose Road,Mona Tower,7TH, , , ,IND,334,Jasmine Block,2nd Cross,Cooke Town,Kolkotta, , , , , , , ,WB,700001, , , , , , ,IND01,KP01,ENG,IND, , , , , , , , , , , , , , , ,0, , , , , ,N, ,KPEST1, , ,10/8/2013 12:24:36.000000 AM
IND01,KPMUM01,1/1/1979,A,Church Gate Branch, ,Church Gat,Raheja Pla,11TH, , , ,IND,243,Block A,17th Cross,Girinagar,Mumbai, , , , , , , ,MH,400007, , , , , , ,IND01,KP01,ENG,IND, , , , , , , , , , , , , , , ,0, , , , , ,N, ,KPEST1, , ,10/8/2013 12:24:36.000000 AM
IND01,KPMUM02,1/1/1979,A,Andheri Branch, ,Andheri Br,Prestige M,2ND, , , ,IND,576,Block C,11th Cross,Subash Nagar,Mumbai, , , , , , , ,MH,400078, , , , , , ,IND01,KP01,ENG,IND, , , , , , , , , , , , , , , ,0, , , , , ,N, ,KPEST1, , ,10/8/2013 12:24:36.000000 AM
CHE01,GW15,1/1/1980,A,Agentur Delémont, ,Agentur De, , , , , ,CHE,Poststr. 2, , , ,Delémont, , , , , , , ,JU,2800, , , , , , ,CHE01, ,GER,CHE,CJU, , , , , , , , , , , , , , ,0, , , , , ,N, , , , ,10/8/2013 12:24:36.000000 AM
CHE01,GW16,1/1/1980,A,Agentur Le Locle, ,Agentur Le, , , , , ,CHE,Poststr. 5, , , ,Le Locle, , , , , , , ,NE,2400, , , ,41 62 811 00 00,121,41 62 811 77 77,CHE01, ,GER,CHE,CNE, , , , , , , , , , , , , , ,0, , , , , ,N, , , , ,10/8/2013 12:24:36.000000 AM
CHE01,GW17,1/1/1980,A,Agentur Stans, ,Agentur St, , , , , ,CHE,Buochserstr. 2, , , ,Stans, , , , , , , ,NW,6371, , , , , , ,CHE01, ,GER,CHE,CNW, , , , , , , , , , , , , , ,0, , , , , ,N, , , , ,10/8/2013 12:24:36.000000 AM
CHE01,GW18,1/1/1980,A,Agentur Sarnen, ,Agentur Sa, , , , , ,CHE,Bahnhofplatz 1, , , ,Sarnen, , , , , , , ,OW,6061, , , , , , ,CHE01, , ,CHE,COW, , , , , , , , , , , , , , ,0, , , , , ,N, , , , ,10/8/2013 12:24:36.000000 AM
CHE01,GW19,1/1/1980,A,Agentur St. Gallen, ,Agentur St, , , , , ,CHE,Am Bahnhofplatz, , , ,St. Gallen, , , , , , , ,SG,9000, , , , , , ,CHE01, ,FRA,CHE,CSG, , , , , , , , , , , , , , ,0, , , , , ,N, , , , ,10/8/2013 12:24:36.000000 AM
CHE01,GW20,1/1/1980,A,Agentur Zug, ,Agentur Zu, , , , , ,CHE,Baarerstr. 14a, , , ,Zug, , , , , , , ,ZG,6301, , , , , , ,CHE01, ,GER,CHE,CZG, , , , , , , , , , , , , , ,0, , , , , ,N, , , , ,10/8/2013 12:24:36.000000 AM
CHE01,GW22,1/1/1980,A,Agentur Schwyz, ,Agentur Sc, , , , , ,CHE,Oberer Steisteg 20, , , ,Schwyz, , , , , , , ,SZ,6430, , , , , , ,CHE01, ,GER,CHE,CSZ, , , , , , , , , , , , , , ,0, , , , , ,N, , , , ,10/8/2013 12:24:36.000000 AM
DEU01,GD915,1/1/1980,A,Zweigstelle Brandenburg, ,BRDBG, , , , , ,DEU,Karl Marx Str. 75, , , ,Cottbus, , , , , , , ,BR,02345, , , , , , ,DEU01,GD01,GER,DEU, , , , , , , , ,GD0000002,M16,01,GD03, , , ,0, , , , , ,N, , , , ,10/8/2013 12:24:36.000000 AM
DEU01,GD916,1/1/1980,A,Stuttgart, ,Stuttgart, , , , , ,DEU,Klinikstrasse 75, , , ,Stuttgart, , , , , , , ,BW,70700, , , , , , ,DEU01,GD01,GER,DEU, , , , , , , , , , , , , , , ,0, , , , , ,N, , , , ,10/8/2013 12:24:36.000000 AM
DEU01,GD917,1/1/1980,A,Bonn, ,Bonn, , , , , ,DEU, , , , , , , , , , , , , , , , , , , , ,DEU01,GD01,GER,DEU, , , , , , , , , , , , , , , ,0, , , , , ,N, , , , ,10/8/2013 12:24:36.000000 AM
DEU01,GDR1,1/1/2003,A,DEU (R) Munich Location, ,DEU(R)Mun, , , , , ,DEU,Münchner Strasse,14, , , ,Munich, , , , , , , , ,85774, , , , , , ,DEU01,KD01,GER,DEU, , , , , , , , ,KD0000003,M15,01,KD03, , , ,0, , , , , ,N, , , , ,10/8/2013 12:24:36.000000 AM
DEU01,GDR2,1/1/2003,A,DEU (R) Berlin Location, ,DEU(R)Ber, , , , , ,DEU,Berlin Strasse,10, , , ,Berlin, , , , , , , , ,11111, , , , , , ,DEU01,KD01,GER,DEU, , , , , , , , ,KD0000001,M02,01,KD02, , , ,0, , , , , ,N, , , , ,10/8/2013 12:24:36.000000 AM
DEU01,KD912,1/1/1980,A,Zweigstelle München, ,MUC, , , , , ,DEU,Münchner Strasse 14, , , ,München, , , , , , , ,BY,85774, , , , , , ,DEU01,KD01,GER,DEU, , , , , , , , ,KD0000003,M15,01,KD03, , , ,0, , , , , ,N, , , , ,10/8/2013 12:24:36.000000 AM
DEU01,KD913,1/1/1980,A,Zweigstelle Hamburg, ,HH, , , , , ,DEU,An der Binnenalster 12, , , ,Hamburg-Altona, , , , , , , ,HH,12345, , , , , , ,DEU01,KD01,GER,DEU, , , , , , , , ,KD0000001,M02,01,KD02, , , ,0, , , , , ,N, , , , ,10/8/2013 12:24:36.000000 AM
DEU01,KD914,1/1/1980,A,Zweigstelle Dresden, ,DD, , , , , ,DEU,Hinter dem Zwinger 2, , , ,Dresden, , , , , , , ,SN,01234, , , , , , ,DEU01,KD01,GER,DEU, , , , , , , , ,KD0000004,KD2,02,KD01, , , ,0, , , , , ,N, , , , ,10/8/2013 12:24:36.000000 AM
DEU01,KD915,1/1/1980,A,Zweigstelle Brandenburg, ,BRDBG., , , , , ,DEU,Karl Marx Str. 75, , , ,Cottbus, , , , , , , ,BR,02345, , , , , , ,DEU01,KD01,GER,DEU, , , , , , , , ,KD0000002,M16,01,KD03, , , ,0, , , , , ,N, , , , ,10/8/2013 12:24:36.000000 AM
DEU01,KD916,1/1/1980,A,Stuttgart, ,Stuttgart, , , , , ,DEU, , , , , , , , , , , , ,BW,70, , , , , , ,DEU01,KD01,GER,DEU, , , , , , , , , , , , , , , ,0, , , , , ,N, , , , ,10/8/2013 12:24:36.000000 AM
ESP01,KE01,1/1/1980,A,Madrid Operations, ,Madrid,Main,4, , , ,ESP,Hernandez de Tejada, , , ,Madrid,2, , ,CL,7, , ,28,28027, , , , , , ,ESP01,KE01,ESP,ESP,KE01, , , , , , , , , , , , , , ,16, , , , , ,N, ,KE01, , ,10/8/2013 12:24:36.000000 AM
ESP01,KE02,1/1/1980,A,Barcelona Operations, ,Barcelona, , , , , ,ESP,Diagonal, , , ,Barcelona,4,C, ,AV,235, , ,08,08025, , , , , , ,ESP01,KE01,ESP,ESP,KE02, , , , , , , , , , , , , , ,4, , , , , ,N, ,KE02, , ,10/8/2013 12:24:36.000000 AM
ESP01,KE03,1/1/1980,A,Valencia Operations, ,Valencia, , , , , ,ESP,San Jaime, , , ,Valencia, , , ,PZ,2, , ,46,46010, , , , , , ,ESP01,KE01, ,ESP,KE03, , , , , , , , , , , , , , ,0, , , , , ,N, ,KE03, , ,10/8/2013 12:24:36.000000 AM
ESP01,KE05,1/1/1980,A,Vizcaya Operations, ,Bizkaia,Main,1, , , ,ESP,Vizcaína, , , ,Bilbao,3,4, ,AV,1,2, ,48,48001, , , , , , ,ESP01,KE01,ENG,ESP,KE05, , , , , , , , , , , , , , ,0, , , , , ,N, ,KE05, , ,10/8/2013 12:24:36.000000 AM
ESP01,KE06,1/1/1980,A,Guipúzcoa Operations, ,Gipuzkoa,Main,1, , , ,ESP,Guipuzcuana, , , ,Donosti,3,4, ,AV,1,2, ,20,20001, , , , , , ,ESP01,KE01,ENG,ESP,KE06, , , , , , , , , , , , , , ,0, , , , , ,N, ,KE06, , ,10/8/2013 12:24:36.000000 AM
ESP01,KE07,1/1/1980,A,Navarra Operations, ,Nafarroa,Main,1, , , ,ESP,Navarra, , , ,Pamplona,3,4, ,AV,1,2, ,31,31001, , , , , , ,ESP01,KE01,ENG,ESP,KE07, , , , , , , , , , , , , , ,0, , , , , ,N, ,KE07, , ,10/8/2013 12:24:36.000000 AM
FRA01,KFBO01,1/1/1980,A,Bordeaux, ,Bordeaux, , , , , ,FRA,Immeuble 'Le Banville',20, Place de la Bourse, , ,Bordeaux, , , , , , , ,33,33075, , , , , , ,FRA01, ,FRA,FRA, , , , , , , , , , , , , , , ,0, , , , , ,N, , , , ,10/8/2013 12:24:36.000000 AM
FRA01,KFPA01,1/1/1980,A,Paris, ,Paris, , , , , ,FRA,125 rue Sebastien Mercier, , , ,Paris, , , , , , , ,75,75015, , , , , , ,FRA01, ,FRA,FRA,KF01, , , , , , , , , , , , , , ,0, , , , , ,N, , , , ,10/8/2013 12:24:36.000000 AM
GBR01,KG01,1/1/1980,A,Reading - England, ,Reading, , , , , ,GBR,1 St. George Street, , , ,Reading, , , , , , , ,BERKS,RG12DD, , , , , , , , , , , , , , , , , , , , , , ,Y, , ,0, , , , , ,N, , , , ,10/8/2013 12:24:36.000000 AM
GBR01,KG02,1/1/1980,A,Edinburgh - Scotland, ,Edinburgh, , , , , ,GBR,20 Thistle Street, , , ,Edinburgh, , , , , , , , ,ED14EE, , , , , , , , , , , , , , , , , , , , , , ,Y, , ,0, , , , , ,N, , , , ,10/8/2013 12:24:36.000000 AM
GBR01,KG03,1/1/1980,A,Cardiff - Wales, ,Cardiff, , , , , ,GBR,40 Leek Street, , , ,Cardiff, , , , , , , ,S GLAM,CA34RR, , , , , , , , , , , , , , , , , , , , , , ,Y, , ,0, , , , , ,N, , , , ,10/8/2013 12:24:36.000000 AM
GBR01,KG04,1/1/1980,A,Belfast - Northern Ireland, ,Belfast, , , , , ,GBR,20 University Street, , , ,Belfast, , , , , , , ,BFS,BE15HJ, , , , , , , , , , , , , , , , , , , , , , ,Y, , ,0, , , , , ,N, , , , ,10/8/2013 12:24:36.000000 AM
GBR01,KG05,1/1/1980,A,Dublin - Republic of Ireland, ,Dublin, , , , , ,GBR,5 Guinness Square, , , ,Dublin, , , , , , , , ,DU45YU, , , , , , , , , , , , , , , , , , , , , , ,Y, , ,0, , , , , ,N, , , , ,10/8/2013 12:24:36.000000 AM
GF001,GFALBI01,1/1/1999,A,ALBI 01, ,ALBI01, , , , , ,FRA,6 rue Toulouse Lautrec, , , ,ALBI, , , , , , , ,81,81000, , , , , , , , , ,FRA,GFFER1, , , , , , , , , , , , , , ,0, , , , , ,N, , , , ,10/8/2013 12:24:36.000000 AM
GF001,GFNOISY01,1/1/1999,A,NOISY 01, ,NOI01, , , , , ,FRA,2 avenue de la liberté, , , ,Noisy, , , , , , , ,93,93160, , , , , , , , , ,FRA,GFFER1, , , , , , , , , , , , , , ,0, , , , , ,N, , , , ,10/8/2013 12:24:36.000000 AM
GF001,GFNOISY02,1/1/1999,A,NOISY 02, ,NOI02, , , , , ,FRA,5 Allée de la montagne, , , ,NOISY, , , , , , , ,93,93160, , , , , , , , ,FRA,FRA,GFFER1, , , , , , , , , , , , , , ,0, , , , , ,N, , , , ,10/8/2013 12:24:36.000000 AM
GF001,GFPARIS 02,1/1/1999,A,PARIS 02, ,PARIS 02, , , , , ,FRA,4 rue de paris, , , ,PARIS, , , , , , , ,75,75001, , , , , , , , ,FRA,FRA,GFFER1, , , , , , , , , , , , , , ,0, , , , , ,N, , , , ,10/8/2013 12:24:36.000000 AM
GF001,GFPARIS01,1/1/1999,A,PARIS 01, ,PAR1, , , , , ,FRA,1 Rue de l'egalité, , , ,Paris, , , , , , , ,75,75001, , , , , , , , ,FRA,FRA,GFFER1, , , , , , , , , , , , , , ,0, , , , , ,N, , , , ,10/8/2013 12:24:36.000000 AM
IND01,KPBLR01,1/1/1979,A,M G Road, Branch, ,M G Road,,Rotam Buil,6TH, , , ,IND,112,C' Block,3rd Cross,Jayanagar,Bangalore, , , , , , , ,KA,560001, , , , , , ,IND01,KP01,ENG,IND, , , , , , , , , , , , , , , ,0, , , , , ,N, ,KPEST1, , ,10/8/2013 12:24:36.000000 AM
IND01,KPBLR02,1/1/1979,A,Richmond Road Branch, ,Richmond R,GS House,1ST, , , ,IND,876,Block 6,4th Cross,Indiranagar,Bangalore, , , , , , , ,KA,560011, , , , , , ,IND01,KP01,ENG,IND, , , , , , , , , , , , , , , ,0, , , , , ,N, ,KPEST1, , ,10/8/2013 12:24:36.000000 AM
ITA01,KIM03,1/1/1980,A,Milan 3, ,Milan 3,1,5, , , ,ITA,Via L. Ariosto 24, , , ,Milan, , , , , , , ,MI,20122, , , , , , , , , , , , , , , , , , , , , , , , , ,0, , , , , ,N, , , , ,10/8/2013 12:24:36.000000 AM
DEU01,GD913,1/1/1980,A,Zweigstelle Hamburg, ,HH, , , , , ,DEU,An der Binnenalster 12, , , ,Hamburg-Altona, , , , , , , ,HH,12345, , , , , , ,DEU01,GD01,GER,DEU, , , , , , , , ,GD0000001,M02,01,GD02, , , ,0, , , , , ,N, , , , ,10/8/2013 12:24:36.000000 AM
IND01,KPCHN02,1/1/1979,A,Jaylalitha Road Branch, ,Jaylalitha,Murthys,6TH, , , ,IND,972,23rd Main,12th Cross,Residency Road,Chennai, , , , , , , ,TN,600012, , , , , , ,IND01,KP01,ENG,IND, , , , , , , , , , , , , , , ,0, , , , , ,N, ,KPEST1, , ,10/8/2013 12:24:36.000000 AM
NLD01,KN04,1/1/1980,A,Utrecht, ,Utrecht,Facet,3, , , ,NLD, , ,Leidseveer, ,Utrecht,17, , , , , , ,0344,3511 SB, , , ,030/345-3236, ,030/345-9999, , ,DUT,NLD,KN01, , , , , , , , , , , , , , ,0, , , , , ,N, , , , ,4/17/2014 8:26:06.000000 AM
IND01,KPCHN01,1/1/1979,A,DMK Road Branch, ,DMK Road B,Rahejas,4TH, , , ,IND,595,M' Block,24th Cross,Vinayak nagar,Chennai, , , , , , , ,TN,600016, , , , , , ,IND01,KP01,ENG,IND, , , , , , , , , , , , , , , ,0, , , , , ,N, ,KPEST1, , ,10/8/2013 12:24:36.000000 AM
ITA01,KIM04,1/1/1980,A,Milan 4, ,Milan 4,4,1, , , ,ITA,Piazza Cavour 1, , , ,Milan, , , , , , , ,MI,20121, , , , , , , , , , , , , , , , , , , , , , , , , ,0, , , , , ,N, , , , ,10/8/2013 12:24:36.000000 AM
ITA01,KIRM01,1/1/1980,A,Rome, ,Rome,1,3, , , ,ITA,Via dei Platani 23, , , ,Rome, , , , , , , ,RM,00185, , , , , , , , , , , , , , , , , , , , , , , , , ,0, , , , , ,N, , , , ,10/8/2013 12:24:36.000000 AM
CHE01,GW23,1/1/1980,A,Agentur Frauenfeld, ,Agentur Fr, , , , , ,CHE,Zürcherstr. 144, , , ,Frauenfeld, , , , , , , ,TG,8500, , , ,41 62 811 00 00,121,41 62 811 77 77,CHE01, ,GER,CHE,CTG, , , , , , , , , , , , , , ,0, , , , , ,N, , , , ,10/8/2013 12:24:36.000000 AM
GF001,GFPARIS03,1/1/1999,A,PARIS 03, ,PAR03, , , , , ,FRA,6, Rue des Charentes, , , ,PARIS, , , , , , , ,75,75001, , , , , , , , , ,FRA,GFFER1, , , , , , , , , , , , , , ,0, , , , , ,N, , , , ,10/8/2013 12:24:36.000000 AM
GF001,GFPARIS04,1/1/1999,A,PARIS 04, ,PAR04, , , , , ,FRA,6 Rue de la Colline, , , ,PARIS, , , , , , , ,75,75001, , , , , , , , , ,FRA,GFFER1, , , , , , , , , , , , , , ,0, , , , , ,N, , , , ,10/8/2013 12:24:36.000000 AM
GF001,GFSTRASB01,1/1/1999,A,STRASBOURG 01, ,STRASBOURG, , , , , ,FRA,5 rue de l'Alsace, , , ,STRASBOURG, , , , , , , ,67,67000, , , , , , , , ,FRA,FRA,GFFER1, , , , , , , , , , , , , , ,0, , , , , ,N, , , , ,10/8/2013 12:24:36.000000 AM
GF001,GFTARBES01,1/1/1999,A,TARBES 01, ,TARBES01, , , , , ,FRA,5 rue des violettes, , , ,TARBES, , , , , , , ,65,65000, , , , , , , , , ,FRA,GFFER1, , , , , , , , , , , , , , ,0, , , , , ,N, , , , ,10/8/2013 12:24:36.000000 AM
GF001,GFTOULOU01,1/1/1999,A,TOULOUSE 01, ,TOULOUSE 0, , , , , ,FRA,3  boulevard de la Fraternité, , , ,TOULOUSE, , , , , , , ,31,31000, , , , , , , , ,FRA,FRA,GFFER1, , , , , , , , , , , , , , ,0, , , , , ,N, , , , ,10/8/2013 12:24:36.000000 AM
GN001,GNAMS01,1/1/1999,A,Amsterdam 01, ,GNAMS01, , , , , ,NLD, , ,James Wattstraat, ,Amsterdam,22,a, , , , , , ,1007 AB, , , , , , , , ,ENG,NLD,KN01, , , , , , , , , , , , , , ,0, , , , , ,N, , , , ,10/8/2013 12:24:36.000000 AM
GN001,GNAMS02,1/1/1999,A,Amsterdam 02, ,GNAMS02, , , , , ,NLD, , ,James Wattstraat, ,Amsterdam,22,a, , , , , , ,1007 AB, , , , , , , , ,ENG,NLD,KN01, , , , , , , , , , , , , , ,0, , , , , ,N, , , , ,10/8/2013 12:24:36.000000 AM
GN001,GNAMS03,1/1/1999,A,Amsterdam 03, ,GNAMS03, , , , , ,NLD, , ,James Wattstraat, ,Amsterdam,22,a, , , , , , ,1007 AB, , , , , , , , ,ENG,NLD,KN01, , , , , , , , , , , , , , ,0, , , , , ,N, , , , ,10/8/2013 12:24:36.000000 AM
IND01,KPPUN01,1/1/1979,A,Pune Road Branch, ,Pune Road,Trinity To,8TH, , , ,IND,487,4th main,19th Cross,Mittal Town,Pune, , , , , , , ,MH,400011, , , , , , ,IND01,KP01,ENG,IND, , , , , , , , , , , , , , , ,0, , , , , ,N, ,KPEST1, , ,10/8/2013 12:24:36.000000 AM
IND01,KPPUN02,1/1/1979,A,Pune-Mumbai Road Branch, ,Pune-Mumba,Mittal Tow,9TH, , , ,IND,957,Block 8,2nd Cross,Mallya Town,Pune, , , , , , , ,MH,400023, , , , , , ,IND01,KP01,ENG,IND, , , , , , , , , , , , , , , ,0, , , , , ,N, ,KPEST1, , ,10/8/2013 12:24:36.000000 AM
DEU01,GD912,1/1/1980,A,Zweigstelle München, ,MUC, , , , , ,DEU,Münchner Strasse 14, , , ,München, , , , , , , ,BY,85774, , , , , , ,DEU01,GD01,GER,DEU, , , , , , , , ,GD0000003,M15,01,GD03, , , ,0, , , , , ,N, , , , ,10/8/2013 12:24:36.000000 AM
JCS01,J001,1/1/1990,A,Headquarters, ,HQ, , , , , ,JPN,Taishido 4-1-1, , , ,Setagaya-ku, , , , , , , ,13,154-0004, , , , , , , , , , , , , , , , , , , , , , , , , ,0, , , , , ,N, , , , ,10/8/2013 12:24:36.000000 AM
JCS01,J002,1/1/1990,A,Osaka, ,Osaka, , , , , ,JPN,Yodogawa-ku Miyahara 4-1-14, , , ,Osaka-shi, , , , , , , ,27,532-0003, , , , , , , , , , , , , , , , , , , , , , , , , ,0, , , , , ,N, , , , ,10/8/2013 12:24:36.000000 AM
JCS01,J003,1/1/1990,A,Fukuoka, ,Fukuoka, , , , , ,JPN,Chuo-ku Tenjin 6-23-5, , , ,Fukuoka-shi, , , , , , , ,40,810-0001, , , , , , , , , , , , , , , , , , , , , , , , , ,0, , , , , ,N, , , , ,10/8/2013 12:24:36.000000 AM
JCS01,J004,1/1/1990,A,Sapporo, ,Sapporo, , , , , ,JPN,Chuo-ku Ohdori Nishi 29-1-3, , , ,Sapporo-shi, , , , , , , ,01,064-0820, , , , , , , , , , , , , , , , , , , , , , , , , ,0, , , , , ,N, , , , ,10/8/2013 12:24:36.000000 AM
JCS01,J005,1/1/1990,A,San Jose, ,San Jose, , , , , ,USA,1750 North First Street, , , ,San Jose, , , , , , , ,CA,95112, , , , , , , , , , , ,67000, , , , , , , , , , , , , ,0, , , , , ,N, , , , ,10/8/2013 12:24:36.000000 AM
JPN01,KJ01,1/1/1980,A,Tokyo, ,Tokyo, , , , , ,JPN,4-1-1 Taishido, , , ,Setagaya-ku, , , , , , , ,13,154-0004, , , , , , ,JPN01,KJ11, , ,KJ01, , , , , , , , , , , , , , ,0, , , , , ,N, , , , ,10/8/2013 12:24:36.000000 AM
JPN01,KJ02,1/1/1980,A,Osaka, ,Osaka, , , , , ,JPN,4-1-14 Miyahara,Yodogawa-ku, , ,Osaka, , , , , , , ,27,532-0003, , , , , , , , , , , , , , , , , , , , , , , , , ,0, , , , , ,N, , , , ,10/8/2013 12:24:36.000000 AM
NLD01,KN01,1/1/1980,A,Amsterdam, ,A'dam, , , , , ,NLD, , ,Postbus, ,Amsterdam,1, , , , , , , ,1000 AA, , , , , , ,NLD01,KN01,DUT,NLD,KN01, , , , , , , , , , , , , , ,0, , , , , ,N, , , , ,10/8/2013 12:24:36.000000 AM
NLD01,KN02,1/1/1980,A,The Hague, ,The Hague, , , , , ,NLD, , ,Westeinde, ,The Hague,111, , , , , , , ,2510 AH, , , , , , ,NLD01,KN01,DUT,NLD,KN01, , , , , , , , , , , , , , ,0, , , , , ,N, , , , ,10/8/2013 12:24:36.000000 AM
NLD01,KN03,1/1/1980,A,Groningen, ,Groningen, , , , , ,NLD, , , , , , , , , , , , , , , , , , , , ,NLD01,KN01, ,NLD,KN01, , , , , , , , , , , , , , ,0, , , , , ,N, , , , ,10/8/2013 12:24:36.000000 AM
NLD01,KN05,1/1/1980,A,Rotterdam, ,Rotterdam, , , , , ,NLD, , ,Weena, ,Rotterdam,100, , , , , , ,0599,3013 AD, , , ,010/445-6782, ,010/445-9991, , ,DUT,NLD,KN01, , , , , , , , , , , , , , ,0, , , , , ,N, , , , ,10/8/2013 12:24:36.000000 AM
GY001,GY_EDOMEX,1/1/1990,A,EDOMEX Office, ,EDOMEX Off, , , , , ,MEX, , , , , , , , , , , , , , , , , , , , , , ,ESP, , , , , , , , , , , , , , , , ,0, , , , , ,N, ,GY00000000A, , ,12/4/2014 1:32:27.000000 PM
GY001,GY_TLAX,1/1/1990,A,Tlaxcala Office, ,Tlaxcala O, , , , , ,MEX, , , , , , , , , , , , , , , , , , , , , , ,ESP, , , , , , , , , , , , , , , , ,0, , , , , ,N, ,GY00000000B, , ,12/4/2014 1:33:13.000000 PM
GR001,GRCCR,1/1/1980,A,Curutiba - Serv 02, ,Curutiba -, , , , , ,BRA,Rua Crisandalia, , ,Curitiba,CACHOEIRA DA PRATA,654321, , , , , , ,MG,04437-035, , , , , , , , ,POR, , , , , , , , , , , , , , , , ,0, , , , , ,N, , , , ,8/27/2014 9:50:25.000000 AM
GR001,GRCRJ,1/1/1980,A,Rio de Janeiro - Serv 03, ,Rio de Jan, , , , , ,BRA,Eng Jose Sall, , , ,COMENDADOR LEVY GASPARIAN,3334, , , , , , ,RJ,04776-123, , , , , , , , ,POR, , , , , , , , , , , , , , , , ,0, , , , , ,N, , , , ,8/27/2014 9:52:15.000000 AM
GR001,GRCSP,1/1/1980,A,São Paulo - Serv 01, ,São Paulo, , , , , ,BRA,Desembargad, , , ,SAO JOAO DAS DUAS PONTES,465, , , , , , ,SP,05443-045, , , , , , , , ,POR, , , , , , , , , , , , , , , , ,0, , , , , ,N, , , , ,8/27/2014 9:53:37.000000 AM
GR001,GRIBH,1/1/1980,A,Belo Horizonte - Man, ,Belo Horiz, , , , , ,BRA,Estados Unidos, , , ,BELO HORIZONTE,157, , , , , , ,MG,30760-031, , , , , , , , ,POR, , , , , , , , , , , , , , , , ,0, , , , , ,N, , , , ,8/27/2014 9:54:56.000000 AM
GR001,GRIES,1/1/1980,A,Espírito Santo - Man, ,Espírito S, , , , , ,BRA,Elias Vitor, , , ,DIVINO DE SAO LOURENCO,11, , , , , , ,ES,05143-046, , , , , , , , ,POR, , , , , , , , , , , , , , , , ,0, , , , , ,N, , , , ,8/27/2014 9:56:12.000000 AM
GR001,GRIRJ,1/1/1980,A,Rio de Janeiro - Man, ,Rio de Jan, , , , , ,BRA,Ziki Tuma, , , ,ENGENHEIRO PAULO DE FRONTIN,4512, , , , , , ,RJ,04458-032, , , , , , , , ,POR, , , , , , , , , , , , , , , , ,0, , , , , ,N, , , , ,8/27/2014 9:57:40.000000 AM
GR001,GRISP,1/1/1980,A,São Paulo - Const, ,São Paulo, , , , , ,BRA,Salvador Corr, , , ,SANTA CRUZ DAS PALMEIRAS,6546, , , , , , ,SP,04109-021, , , , , , , , ,POR, , , , , , , , , , , , , , , , ,0, , , , , ,N, , , , ,8/27/2014 9:59:03.000000 AM
GR001,GROOS,1/1/1980,A,Espírito Santo - Const, ,Espírito S, , , , , ,BRA,Pe Landell De, , , ,GOVERNADOR LINDENBERG,874, , , , , , ,ES,02967-037, , , , , , , , ,POR, , , , , , , , , , , , , , , , ,0, , , , , ,N, , , , ,8/27/2014 10:00:07.000000 AM
GR001,GROSP,1/1/1980,A,São Paulo - Const, ,São Paulo, , , , , ,BRA,Treze De Ma, , , ,AMERICO BRASILIENSE,3, , , , , , ,SP,01327-999, , , , , , , , ,POR, , , , , , , , , , , , , , , , ,0, , , , , ,N, , , , ,8/27/2014 10:01:28.000000 AM
GR001,GRS-RJ,1/1/1980,A,Rio de Janeiro - Serv 03, ,Rio de Jan, , , , , ,BRA,Crisandalia,GRS-RJComplement,GRS-RJComplement2,Neighborhood GRS-RJ,BELFORD ROXO,102, , , ,35, , ,RJ,21124-102, , , , , , , , ,POR,BRA,GRBRA, , , , , , , , , , , , , , ,0, , , , , ,N, ,GRS1-3, , ,8/14/2016 5:08:02.000000 PM
GR001,GRS-SP,1/1/1980,A,Sao Paulo - Serv 01, ,Sao Paulo, , , , , ,BRA,Euclides Cu,GRS-SP Complement,GRS-SP Complement2,GRS-SP Neighborhood,ALVARES MACHADO,101, , , ,04, , ,SP,01234-101, , , , , , , , ,POR,BRA,GRBRA, , , , , , , , , , , , , , ,0, , , , , ,N, ,GRS1-1, , ,8/14/2016 5:09:29.000000 PM
GR001,GRT-ES,1/1/1980,A,Espírito Santo - Man 03, ,Espírito S, , , , , ,BRA, , , , , , , , , , , , , , , , , , , , , , ,POR,BRA,GRBRA, , , , , , , , , , , , , , ,0, , , , , ,N, ,GRT1-3, , ,12/3/2015 10:31:41.000000 PM
GR001,GRE-BH,1/1/1980,A,Belo Horizonte - 01, ,Belo H, , , , , ,BRA,Rua Crisandalia,Compl1,Comp2,N1,ABADIA DOS DOURADOS,98877, , , ,08, , ,MG,04437-035, , , , , , , , ,POR,BRA,GRBRA, , , , , , , , , , , , , , ,0, , , , , ,N, ,GRE1-1, , ,10/13/2017 4:01:40.000000 PM
GR001,GRN-CUR,1/1/1980,A,Location GRN-CUR, ,GRN-CUR, , , , , ,BRA, , , , , , , , , , , , , , , , , , , , ,GR001, ,POR,BRA,GRBRA, , , , , , , , , , , , , , ,0, , , , , ,N, ,GRN1-1, , ,7/20/2016 6:34:37.000000 PM
GR001,GRS-CUR,1/1/1980,A,Curutiba - Serv 02, ,Curutiba, , , , , ,BRA,Eduardo Yos,GRS-CUR Complement,GRS-CUR Complement2,Neighborhood GRS-CUR,CURITIBA,101, , , ,04, , ,PR,01234-101, , , , , , , , ,POR,BRA,GRBRA, , , , , , , , , , , , , , ,0, , , , , ,N, ,GRS1-2, , ,8/14/2016 5:13:04.000000 PM
GR001,GRT-BH,1/1/1980,A,Belo Horizonte - Man 02, ,Belo Horiz, , , , , ,BRA, , , , , , , , , , , , , , , , , , , , , , ,POR,BRA,GRBRA, , , , , , , , , , , , , , ,0, , , , , ,N, ,GRT1-2, , ,12/3/2015 10:30:21.000000 PM
GR001,GRX-BH,1/1/1980,A,Belo Horizonte - Const 01, ,Belo Horiz, , , , , ,BRA, , , , , , , , , , , , , , , , , , , , , , ,POR,BRA,GRBRA, , , , , , , , , , , , , , ,0, , , , , ,N, ,GRX1-1, , ,12/3/2015 10:32:29.000000 PM
VT001,VTCA,1/1/1900,A,California Location, ,California, , , , , ,USA, , , , , , , , , , , , , , , , , , , , , , , , , , , , , , , , , , , , , , , ,0, , , , , ,N, , , , ,7/11/2016 8:59:11.000000 PM
GR001,GRX-SP,1/1/1980,A,Sao Paulo - Const 03, ,Sao Paulo, , , , , ,BRA, , , , , , , , , , , , , , , , , , , , , , ,POR,BRA,GRBRA, , , , , , , , , , , , , , ,0, , , , , ,N, ,GRX1-3, , ,12/3/2015 10:33:26.000000 PM
GR001,GRDCR,1/1/1980,A,Curutiba - Serv 02, ,Curutiba -, , , , , ,BRA,Rua Crisandalia, , ,Curitiba,CACHOEIRA DA PRATA,3456, , , ,10, , ,MG,04437-035, , , , , , , , ,POR,BRA,GRBRA, , , , , , , , , , , , , , ,0, , , , , ,N, ,GRD1-1, , ,10/13/2017 4:07:06.000000 PM
GR001,GRX-ES,1/1/1980,A,Espírito Santo - Const 02, ,Espírito S, , , , , ,BRA, , , , , , , , , , , , , , , , , , , , , , ,POR,BRA,GRBRA, , , , , , , , , , , , , , ,0, , , , , ,N, ,GRX1-2, , ,12/3/2015 10:32:57.000000 PM
GR001,GRT-RJ,1/1/1980,A,Rio de Janeiro - Man 01, ,Rio de Jan, , , , , ,BRA, , , , , , , , , , , , , , , , , , , , , , ,POR,BRA,GRBRA, , , , , , , , , , , , , , ,0, , , , , ,N, ,GRT1-1, , ,12/3/2015 10:32:01.000000 PM
GR001,GRN-RJ,1/1/1980,A,Location GRN-RJ, ,GRN-RJ, , , , , ,BRA, , , , , , , , , , , , , , , , , , , , ,GR001, ,POR,BRA,GRBRA, , , , , , , , , , , , , , ,0, , , , , ,N, ,GRN1-1, , ,7/20/2016 6:34:45.000000 PM
GR001,GRN-SP,1/1/1980,A,Sao Paolo Location for GRN, ,GRN-SP, , , , , ,BRA, , , , , , , , , , , , , , , , , , , , ,GR001, ,POR,BRA,GRBRA, , , , , , , , , , , , , , ,0, , , , , ,N, ,GRN1-1, , ,7/20/2016 6:34:54.000000 PM
ESP02,KE04,1/1/1980,A,Barcelona Headquarters, ,BCN HQ, , , , , ,ESP,Diagonal, , , ,Barcelona,5,2, ,AV,79,4, ,08,08011, , , , , , ,ESP02,KE02, ,ESP,KE02, , , , , , , , , , , , , , ,7, , , , , ,N, ,KE03, , ,10/8/2013 12:24:36.000000 AM
ESP02,KE05,1/1/1980,A,Barcelona Training Center, ,BCN TRN, , , , , ,ESP,Des Corts Catalans, , , ,Barcelona,5, , ,AV,86, , ,08,08011, , , , , , ,ESP02,KE02, ,ESP,KE02, , , , , , , , , , , , , , ,5, , , , , ,N, ,KE03, , ,10/8/2013 12:24:36.000000 AM
ITA02,KIM03,1/1/1980,A,Milan 3, ,Milan 3,3,5, , , ,ITA,Via L. Ariosto 24, , , ,Milan, , , , , , , ,MI,20122, , , , , , , , , , , , , , , , , , , , , , , , , ,0, , , , , ,N, , , , ,10/8/2013 12:24:36.000000 AM
ITA02,KIM04,1/1/1980,A,Milan 4, ,Milan 4,4,1, , , ,ITA,Piazza Cavour 1, , , ,Milan, , , , , , , ,MI,20121, , , , , , , , , , , , , , , , , , , , , , , , , ,0, , , , , ,N, , , , ,10/8/2013 12:24:36.000000 AM
ITA02,KIMI0001,1/1/1980,A,Milan Downtown, ,MI Down,1,1, , , ,ITA,via dei Fiori Chiari 4, , , ,Milan, , , , , , , ,MI,20100, , , , , , , , , , , , , , , , , , , , , , , , , ,0, , , , , ,N, , , , ,10/8/2013 12:24:36.000000 AM
ITA02,KIMI0002,1/1/1980,A,Milan South, ,Mi South,3,12, , , ,ITA,via Famagosta 5, , , ,Milan, , , , , , , ,MI,20142, , , , , , , , , , , , , , , , , , , , , , , , , ,0, , , , , ,N, , , , ,10/8/2013 12:24:36.000000 AM
ITA02,KIRM0001,1/1/1980,A,Rome Downtown, ,RM Down,1,5, , , ,ITA,via Tiburtina 123, , , ,Rome, , , , , , , ,RM,00100, , , , , , , , , , , , , , , , , , , , , , , , , ,0, , , , , ,N, , , , ,10/8/2013 12:24:36.000000 AM
ITA02,KIRM0002,1/1/1980,A,Rome South, ,RM South,6,5, , , ,ITA,via Aurelia 1, , , ,Rome, , , , , , , ,RM,00100, , , , , , , , , , , , , , , , , , , , , , , , , ,0, , , , , ,N, , , , ,10/8/2013 12:24:36.000000 AM
ITA02,KIRM0003,1/1/1980,A,Rome North, ,RM North,2,4, , , ,ITA,via del Quirinale 15, , , ,Rome, , , , , , , ,RM,00100, , , , , , , , , , , , , , , , , , , , , , , , , ,0, , , , , ,N, , , , ,10/8/2013 12:24:36.000000 AM
ITA02,KIT01,1/1/1980,A,Torino, ,Torino,2,2, , , ,ITA,Via Manzoni 133, , , ,Torino, , , , , , , ,TO,30131, , , , , , , , , , , , , , , , , , , , , , , , , ,0, , , , , ,N, , , , ,10/8/2013 12:24:36.000000 AM
JCS02,J201,1/1/1990,A,Headquarters, ,HQ, , , , , ,JPN,Mishuku 1-13-1, , , ,Setagaya-ku, , , , , , , ,13,154-0005, , , , , , , , , , , , , , , , , , , , , , , , , ,0, , , , , ,N, , , , ,10/8/2013 12:24:36.000000 AM
WCARE,H1000,1/1/1990,A,General Hospital, ,General Ho, , , , , ,USA,334 Main Street, , , ,Trenton, , , , , , , ,NJ,34533, , , , , , ,WCARE,WC1, ,USA,KU01,51000, , , , , , , , , , , , , ,0, , , , , ,N, , , , ,5/19/2015 11:04:11.000000 PM
WCARE,H2000,1/1/1990,A,Children's Hospital, ,Children's, , , , , ,USA,445 W. Amber Avenue, , , ,Camden, , , , , , , ,NJ,33443, , , , , , ,WCARE,WC1, ,USA,KU01,51000, , , , , , , , , , , , , ,0, , , , , ,N, , , , ,5/19/2015 11:07:37.000000 PM
WCARE,H3000,1/1/1990,A,Surgical Center, ,Surgical C, , , , , ,USA,5567 21st Ave, , , ,Princeton, , , , , , , ,NJ,23145, , , , , , ,WCARE,WC1, ,USA,KU01,51000, , , , , , , , , , , , , ,0, , , , , ,N, , , , ,5/19/2015 11:10:26.000000 PM
WCARE,H4000,1/1/1990,A,WonderCare Corporate, ,WonderCare, , , , , ,USA,125 1st St, , , ,Princeton, , , , , , , ,NJ,23145, , , , , , ,WCARE,WC1, ,USA,KU01,51000, , , , , , , , , , , , , ,0, , , , , ,N, , , , ,6/14/2019 4:30:44.000000 PM
CHN,K6CBEIJ,1/1/1990,A,Beijing, ,Beijing, , , , , ,CHN, , , , , , , , , , , , , , , , , , , , , , , , , , , , , , , , , , , , , , , ,0, , , , , ,N, , , , ,10/8/2013 12:24:36.000000 AM
CHN,K6CCHON,1/1/1990,A,Chongging, ,Chong, , , , , ,CHN, , , , , , , , , , , , , , , , , , , , , , , , , , , , , , , , , , , , , , , ,0, , , , , ,N, , , , ,10/8/2013 12:24:36.000000 AM
CHN,K6CSHAN,1/1/1990,A,Shanghai, ,Shanghai, , , , , ,CHN, , , , , , , , , , , , , , , , , , , , , , , , , , , , , , , , , , , , , , , ,0, , , , , ,N, , , , ,10/8/2013 12:24:36.000000 AM
CHN,K6CSHEN,1/1/1990,A,Shenzhen, ,Shenzhen, , , , , ,CHN, , , , , , , , , , , , , , , , , , , , , , , , , , , , , , , , , , , , , , , ,0, , , , , ,N, , , , ,10/8/2013 12:24:36.000000 AM
CHN,K6CTIAN,1/1/1990,A,Tianjin, ,Tianjin, , , , , ,CHN, , , , , , , , , , , , , , , , , , , , , , , , , , , , , , , , , , , , , , , ,0, , , , , ,N, , , , ,10/8/2013 12:24:36.000000 AM
